role,partner,sheet,side,date,kind,lp,truck,inv,debit,credit,effect,sp,tdate,lines
customer,ARABIYA,ARABIYA,ar,2026-08-01,payment,PAYMENT,ABSA,,0.0,1500000.0,-1500000.0,0.0,2026-08-01,[]
customer,BOLD,BOLD,ar,2026-08-01,payment,PAYMENT,PETRONET,,0.0,4358000.0,-4358000.0,0.0,2026-08-01,[]
customer,DARRUSALAAM,DARRUSALAAM,ar,2026-08-01,payment,PAYMENT,KCB,,0.0,1600000.0,-1600000.0,0.0,2026-08-01,[]
customer,HOKOLA,HOKOLA,ar,2026-08-01,payment,PAYMENT,KCB,,0.0,100000.0,-100000.0,0.0,2026-08-01,[]
customer,KUSOW,KUSOW,ar,2026-08-01,payment,PAYMENT,PREMIER,,0.0,27220.0,-27220.0,0.0,2026-08-01,[]
customer,KUSOW,KUSOW,ar,2026-08-01,payment,PAYMENT,PREMIER,,0.0,215439.0,-215439.0,0.0,2026-08-01,[]
customer,PETROL KIM,PETROL KIM,ar,2026-08-01,loading,,KCR 924W,,1993000.0,0.0,1993000.0,1993000.0,2026-08-01,"[{""grade"": ""AGO"", ""qty"": 10000.0, ""price"": 199.3}]"
customer,PETROL KIM,PETROL KIM,ar,2026-08-01,loading,,KBB 038G,,1993000.0,0.0,1993000.0,1993000.0,2026-08-01,"[{""grade"": ""PMS"", ""qty"": 10000.0, ""price"": 199.3}]"
customer,PETROL KIM,PETROL KIM,ar,2026-08-01,loading,,KBS 311L,,1993000.0,0.0,1993000.0,1993000.0,2026-08-01,"[{""grade"": ""PMS"", ""qty"": 10000.0, ""price"": 199.3}]"
customer,UPSALA,UPSALA,ar,2026-08-01,payment,PAYMENT,KCB,,0.0,470000.0,-470000.0,0.0,2026-08-01,[]
supplier,AFTAH PETROLEUM LIMITED,AFTAH,ap,2026-08-01,payment,PAYMENT,ABSA,,1980000.0,0.0,-1980000.0,0.0,2026-08-01,[]
supplier,VITALAC INTERNATIONAL  LIMITED,VITALAC,ap,2026-08-01,payment,PAYMENT,ABSA,,4292000.0,0.0,-4292000.0,0.0,2026-08-01,[]
customer,SAKATII,SAKATII,ar,2026-08-02,payment,PAYMENT,KCB,,0.0,99000.0,-99000.0,0.0,2026-08-02,[]
customer,SHAMEEL,SHAMEEL,ar,2026-08-02,payment,PAYMENT,ABSA,,0.0,104050.0,-104050.0,0.0,2026-08-02,[]
customer,SHAMEEL,SHAMEEL,ar,2026-08-02,payment,PAYMENT,ABSA,,0.0,102600.0,-102600.0,0.0,2026-08-02,[]
customer,UPSALA,UPSALA,ar,2026-08-02,payment,PAYMENT,KCB,,0.0,259000.0,-259000.0,0.0,2026-08-02,[]
customer,UPSALA,UPSALA,ar,2026-08-02,payment,PAYMENT,KCB,,0.0,574000.0,-574000.0,0.0,2026-08-02,[]
customer,BILL,BILL,ar,2026-08-03,payment,PAYMENT,ABSA,,0.0,7505000.0,-7505000.0,0.0,2026-08-03,[]
customer,BILL,BILL,ar,2026-08-03,loading,,KCB 566A,,7505000.0,0.0,7505000.0,7505000.0,2026-08-03,"[{""grade"": ""AGO"", ""qty"": 38000.0, ""price"": 197.5}]"
customer,BOLD,BOLD,ar,2026-08-03,payment,PAYMENT,PETRONET,,0.0,8000000.0,-8000000.0,0.0,2026-08-03,[]
customer,BOLD,BOLD,ar,2026-08-03,payment,PAYMENT,PETRONET,,0.0,2000000.0,-2000000.0,0.0,2026-08-03,[]
customer,BOLD,BOLD,ar,2026-08-03,payment,PAYMENT,RIZIKI MOHAMED ALI,,0.0,500000.0,-500000.0,0.0,2026-08-03,[]
customer,BOLD,BOLD,ar,2026-08-03,payment,PAYMENT,FUND TRANSFER,,0.0,163000.0,-163000.0,0.0,2026-08-03,[]
customer,BOLD,BOLD,ar,2026-08-03,payment,PAYMENT,FUND TRANSFER,,0.0,88000.0,-88000.0,0.0,2026-08-03,[]
customer,BOLD,BOLD,ar,2026-08-03,loading,,KBZ 984F,,3371100.0,0.0,3371100.0,3371100.0,2026-08-03,"[{""grade"": ""PMS"", ""qty"": 17000.0, ""price"": 198.3}]"
customer,BOLD,BOLD,ar,2026-08-03,loading,,KBE 245Y,,1983000.0,0.0,1983000.0,1983000.0,2026-08-03,"[{""grade"": ""PMS"", ""qty"": 10000.0, ""price"": 198.3}]"
customer,BOLD,BOLD,ar,2026-08-03,loading,,KCL 098L,,1983000.0,0.0,1983000.0,1983000.0,2026-08-03,"[{""grade"": ""PMS"", ""qty"": 10000.0, ""price"": 198.3}]"
customer,BOLD,BOLD,ar,2026-08-03,loading,,KDM 130W,,1983000.0,0.0,1983000.0,1983000.0,2026-08-03,"[{""grade"": ""PMS"", ""qty"": 10000.0, ""price"": 198.3}]"
customer,BOLD,BOLD,ar,2026-08-03,loading,,KDC 920Y,,1968000.0,0.0,1968000.0,1968000.0,2026-08-03,"[{""grade"": ""AGO"", ""qty"": 10000.0, ""price"": 196.8}]"
customer,BOLD,BOLD,ar,2026-08-03,loading,,KAR 032Y,,1968000.0,0.0,1968000.0,1968000.0,2026-08-03,"[{""grade"": ""AGO"", ""qty"": 10000.0, ""price"": 196.8}]"
customer,BURKO,BURKO,ap,2026-08-03,payment,PAYMENT,ABSA,,1740000.0,0.0,-1740000.0,0.0,2026-08-03,[]
customer,CHESEFIELD,CHESEFIELD,ar,2026-08-03,payment,PAYMENT,EQUITY,,0.0,400000.0,-400000.0,0.0,2026-08-03,[]
customer,CHESEFIELD,CHESEFIELD,ar,2026-08-03,loading,,KBX 293X,,995000.0,0.0,995000.0,995000.0,2026-08-03,"[{""grade"": ""PMS"", ""qty"": 5000.0, ""price"": 199.0}]"
customer,DARRUSALAAM,DARRUSALAAM,ar,2026-08-03,payment,PAYMENT,KCB,,0.0,3000000.0,-3000000.0,0.0,2026-08-03,[]
customer,FRABIJE,FRABIJE,ar,2026-08-03,payment,PAYMENT,ABSA,,0.0,600000.0,-600000.0,0.0,2026-08-03,[]
customer,FRABIJE,FRABIJE,ar,2026-08-03,loading,,KBF 520W,,1973000.0,0.0,1973000.0,1973000.0,2026-08-03,"[{""grade"": ""AGO"", ""qty"": 10000.0, ""price"": 197.3}]"
customer,HESFAN,HESFAN,ar,2026-08-03,payment,PAYMENT,KCB,,0.0,2880000.0,-2880000.0,0.0,2026-08-03,[]
customer,HESFAN,HESFAN,ar,2026-08-03,payment,PAYMENT,EQUITY,,0.0,5000000.0,-5000000.0,0.0,2026-08-03,[]
customer,HESFAN,HESFAN,ar,2026-08-03,loading,,KBV 676M/ZC8643,5025-1073,7880000.0,0.0,7880000.0,7880000.0,2026-08-03,"[{""grade"": ""AGO"", ""qty"": 40000.0, ""price"": 197.0}]"
customer,HOKOLA,HOKOLA,ar,2026-08-03,payment,PAYMENT,KCB,,0.0,200000.0,-200000.0,0.0,2026-08-03,[]
customer,KHADIJA,KHADIJA,ar,2026-08-03,payment,PAYMENT,EQUITY,,0.0,603000.0,-603000.0,0.0,2026-08-03,[]
customer,KUSOW,KUSOW,ar,2026-08-03,payment,PAYMENT,PREMIER,,0.0,64285.0,-64285.0,0.0,2026-08-03,[]
customer,KUSOW,KUSOW,ar,2026-08-03,payment,PAYMENT,PREMIER,,0.0,357890.0,-357890.0,0.0,2026-08-03,[]
customer,KUSOW,KUSOW,ar,2026-08-03,payment,PAYMENT,PREMIER,,0.0,151079.0,-151079.0,0.0,2026-08-03,[]
customer,KUSOW,KUSOW,ar,2026-08-03,payment,PAYMENT,PREMIER,,0.0,443325.0,-443325.0,0.0,2026-08-03,[]
customer,MALUINI,MALUINI,ar,2026-08-03,payment,PAYMENT,ABSA,,0.0,1965000.0,-1965000.0,0.0,2026-08-03,[]
customer,MALUINI,MALUINI,ar,2026-08-03,payment,PAYMENT,ABSA,,0.0,1990000.0,-1990000.0,0.0,2026-08-03,[]
customer,MALUINI,MALUINI,ar,2026-08-03,loading,,KDU 024V,5025-1074,1975000.0,0.0,1975000.0,1975000.0,2026-08-03,"[{""grade"": ""AGO"", ""qty"": 10000.0, ""price"": 197.5}]"
customer,MAOW,MAOW,ar,2026-08-03,payment,PAYMENT,ABSA,,0.0,1382000.0,-1382000.0,0.0,2026-08-03,[]
customer,MARZIQ,MARZIQ,ar,2026-08-03,payment,PAYMENT,KCB,,0.0,1945000.0,-1945000.0,0.0,2026-08-03,[]
customer,MARZIQ,MARZIQ,ar,2026-08-03,loading,,KAV 369B,,1990000.0,0.0,1990000.0,1990000.0,2026-08-03,"[{""grade"": ""AGO"", ""qty"": 10000.0, ""price"": 199.0}]"
customer,PETRO POINT,PETRO POINT,ar,2026-08-03,payment,PAYMENT,EQUITY,,0.0,1970000.0,-1970000.0,0.0,2026-08-03,[]
customer,PETRO POINT,PETRO POINT,ar,2026-08-03,loading,S.DIRECT INVOICE,KBF696N,S.DIRECT INVOICE,1970000.0,0.0,1970000.0,1970000.0,2026-08-03,"[{""grade"": ""AGO"", ""qty"": 10000.0, ""price"": 197.0}]"
customer,PETROL KIM,PETROL KIM,ar,2026-08-03,payment,PAYMENT,KCB,,0.0,6000000.0,-6000000.0,0.0,2026-08-03,[]
customer,PETROL KIM,PETROL KIM,ar,2026-08-03,loading,,KCR 924W,,1993000.0,0.0,1993000.0,1993000.0,2026-08-03,"[{""grade"": ""AGO"", ""qty"": 10000.0, ""price"": 199.3}]"
customer,RAMCO,RAMCO,ar,2026-08-03,payment,PAYMENT,EQUITY,,0.0,200000.0,-200000.0,0.0,2026-08-03,[]
customer,UPSALA,UPSALA,ar,2026-08-03,payment,PAYMENT,KCB,,0.0,250000.0,-250000.0,0.0,2026-08-03,[]
customer,UPSALA,UPSALA,ar,2026-08-03,payment,PAYMENT,KCB,,0.0,190700.0,-190700.0,0.0,2026-08-03,[]
customer,UPSALA,UPSALA,ar,2026-08-03,loading,,KBF 520W,5025-1072,2040000.0,0.0,2040000.0,2040000.0,2026-08-03,"[{""grade"": ""PMS"", ""qty"": 10000.0, ""price"": 204.0}]"
customer,WAFI,WAFI,ar,2026-08-03,payment,PAYMENT,KCB,,0.0,1700000.0,-1700000.0,0.0,2026-08-03,[]
customer,WBP INVEST.,WBP INVEST.,ar,2026-08-03,loading,,KBX 293X,,1002500.0,0.0,1002500.0,1002500.0,2026-08-03,"[{""grade"": ""PMS"", ""qty"": 5000.0, ""price"": 200.5}]"
supplier,AFTAH PETROLEUM LIMITED,AFTAH,ap,2026-08-03,payment,PAYMENT,ABSA,,1834000.0,0.0,-1834000.0,0.0,2026-08-03,[]
supplier,AFTAH PETROLEUM LIMITED,AFTAH,ap,2026-08-03,payment,PAYMENT,EQUITY,,135000.0,0.0,-135000.0,0.0,2026-08-03,[]
supplier,PIN OIL,PIN,ap,2026-08-03,payment,PAYMENT,KCB,,1277500.0,0.0,-1277500.0,0.0,2026-08-03,[]
supplier,RAAD ENERGY LIMITED,RAAD,ap,2026-08-03,payment,PAYMENT,KCB,,0.0,8000000.0,8000000.0,0.0,2026-08-03,[]
supplier,RAAD ENERGY LIMITED,RAAD,ap,2026-08-03,loading,,KDU 024V,,1950000.0,0.0,-1950000.0,1950000.0,2026-08-03,"[{""grade"": ""AGO"", ""qty"": 10000.0, ""price"": 195.0}]"
supplier,RAAD ENERGY LIMITED,RAAD,ap,2026-08-03,loading,,KDC 920Y,,1950000.0,0.0,-1950000.0,1950000.0,2026-08-03,"[{""grade"": ""AGO"", ""qty"": 10000.0, ""price"": 195.0}]"
supplier,RAAD ENERGY LIMITED,RAAD,ap,2026-08-03,loading,,KAR 032Y,,1950000.0,0.0,-1950000.0,1950000.0,2026-08-03,"[{""grade"": ""AGO"", ""qty"": 10000.0, ""price"": 195.0}]"
supplier,RAAD ENERGY LIMITED,RAAD,ap,2026-08-03,loading,,KBV 676M/ZC8643,,7800000.0,0.0,-7800000.0,7800000.0,2026-08-03,"[{""grade"": ""AGO"", ""qty"": 40000.0, ""price"": 195.0}]"
supplier,RAAD ENERGY LIMITED,RAAD,ap,2026-08-03,loading,,KBF 520W,,1950000.0,0.0,-1950000.0,1950000.0,2026-08-03,"[{""grade"": ""AGO"", ""qty"": 10000.0, ""price"": 195.0}]"
supplier,RAAD ENERGY LIMITED,RAAD,ap,2026-08-03,loading,,KBK 308Q,,3120000.0,0.0,-3120000.0,3120000.0,2026-08-03,"[{""grade"": ""AGO"", ""qty"": 16000.0, ""price"": 195.0}]"
supplier,RAAD ENERGY LIMITED,RAAD,ap,2026-08-03,loading,,KCR 924W,,1950000.0,0.0,-1950000.0,1950000.0,2026-08-03,"[{""grade"": ""AGO"", ""qty"": 10000.0, ""price"": 195.0}]"
supplier,SKYBARREL ENERGY LIMITED,SKYBARREL,ap,2026-08-03,payment,PAYMENT,KCB,,0.0,3600000.0,3600000.0,0.0,2026-08-03,[]
supplier,SKYBARREL ENERGY LIMITED,SKYBARREL,ap,2026-08-03,payment,PAYMENT,ABSA,,0.0,1342000.0,1342000.0,0.0,2026-08-03,[]
supplier,SKYBARREL ENERGY LIMITED,SKYBARREL,ap,2026-08-03,payment,PAYMENT,ABSA,,0.0,2000000.0,2000000.0,0.0,2026-08-03,[]
supplier,SKYBARREL ENERGY LIMITED,SKYBARREL,ap,2026-08-03,loading,,KAV 369B,,1965000.0,0.0,-1965000.0,1965000.0,2026-08-03,"[{""grade"": ""AGO"", ""qty"": 10000.0, ""price"": 196.5}]"
supplier,SKYBARREL ENERGY LIMITED,SKYBARREL,ap,2026-08-03,loading,,KCB 566A,,7467000.0,0.0,-7467000.0,7467000.0,2026-08-03,"[{""grade"": ""AGO"", ""qty"": 38000.0, ""price"": 196.5}]"
supplier,SKYBARREL ENERGY LIMITED,SKYBARREL,ap,2026-08-03,loading,C. DIRECT INVOICE,KBF696N,,1965000.0,0.0,-1965000.0,1965000.0,2026-08-03,"[{""grade"": ""AGO"", ""qty"": 10000.0, ""price"": 196.5}]"
supplier,SKYHAS  ENERGY LIMITED,SKYHAS,ap,2026-08-03,payment,PAYMENT,ABSA,,1970000.0,0.0,-1970000.0,0.0,2026-08-03,[]
supplier,VITALAC INTERNATIONAL  LIMITED,VITALAC,ap,2026-08-03,payment,PAYMENT,EQUITY,,6068000.0,0.0,-6068000.0,0.0,2026-08-03,[]
supplier,VITALAC INTERNATIONAL  LIMITED,VITALAC,ap,2026-08-03,payment,PAYMENT,ABSA,,8000000.0,0.0,-8000000.0,0.0,2026-08-03,[]
supplier,VITALAC INTERNATIONAL  LIMITED,VITALAC,ap,2026-08-03,payment,PAYMENT,ABSA,,6763000.0,0.0,-6763000.0,0.0,2026-08-03,[]
supplier,VITALAC INTERNATIONAL  LIMITED,VITALAC,ap,2026-08-03,payment,PAYMENT,KCB,,1715000.0,0.0,-1715000.0,0.0,2026-08-03,[]
supplier,VITALAC INTERNATIONAL  LIMITED,VITALAC,ap,2026-08-03,payment,PAYMENT,KCB,,2642000.0,0.0,-2642000.0,0.0,2026-08-03,[]
supplier,VITALAC INTERNATIONAL  LIMITED,VITALAC,ap,2026-08-03,loading,,KBZ 984F,,0.0,3366000.0,3366000.0,3366000.0,2026-08-03,"[{""grade"": ""PMS"", ""qty"": 17000.0, ""price"": 198.0}]"
supplier,VITALAC INTERNATIONAL  LIMITED,VITALAC,ap,2026-08-03,loading,,KBE 245Y,,0.0,1980000.0,1980000.0,1980000.0,2026-08-03,"[{""grade"": ""PMS"", ""qty"": 10000.0, ""price"": 198.0}]"
supplier,VITALAC INTERNATIONAL  LIMITED,VITALAC,ap,2026-08-03,loading,,KCL 098L,,0.0,1980000.0,1980000.0,1980000.0,2026-08-03,"[{""grade"": ""PMS"", ""qty"": 10000.0, ""price"": 198.0}]"
supplier,VITALAC INTERNATIONAL  LIMITED,VITALAC,ap,2026-08-03,loading,,KDM 130W,,0.0,1980000.0,1980000.0,1980000.0,2026-08-03,"[{""grade"": ""PMS"", ""qty"": 10000.0, ""price"": 198.0}]"
supplier,VITALAC INTERNATIONAL  LIMITED,VITALAC,ap,2026-08-03,loading,,KCC 166U,,0.0,1980000.0,1980000.0,1980000.0,2026-08-03,"[{""grade"": ""PMS"", ""qty"": 10000.0, ""price"": 198.0}]"
supplier,VITALAC INTERNATIONAL  LIMITED,VITALAC,ap,2026-08-03,loading,,KBX 293X,,0.0,990000.0,990000.0,990000.0,2026-08-03,"[{""grade"": ""PMS"", ""qty"": 5000.0, ""price"": 198.0}]"
supplier,VITALAC INTERNATIONAL  LIMITED,VITALAC,ap,2026-08-03,loading,,KBX 293X,,0.0,990000.0,990000.0,990000.0,2026-08-03,"[{""grade"": ""PMS"", ""qty"": 5000.0, ""price"": 198.0}]"
supplier,VITALAC INTERNATIONAL  LIMITED,VITALAC,ap,2026-08-03,loading,,KBF 520W,,0.0,1980000.0,1980000.0,1980000.0,2026-08-03,"[{""grade"": ""PMS"", ""qty"": 10000.0, ""price"": 198.0}]"
customer,ARABIYA,ARABIYA,ar,2026-08-04,payment,PAYMENT,ABSA,,0.0,663268.0,-663268.0,0.0,2026-08-04,[]
customer,BOLD,BOLD,ar,2026-08-04,payment,PAYMENT,HERITANA FILLING STATION,,0.0,603000.0,-603000.0,0.0,2026-08-04,[]
customer,BOLD,BOLD,ar,2026-08-04,payment,PAYMENT,PETRONET,,0.0,4085000.0,-4085000.0,0.0,2026-08-04,[]
customer,BOLD,BOLD,ar,2026-08-04,payment,PAYMENT,PETRONET,,0.0,3695000.0,-3695000.0,0.0,2026-08-04,[]
customer,BOLD,BOLD,ar,2026-08-04,payment,PAYMENT,PETRONET,,0.0,250000.0,-250000.0,0.0,2026-08-04,[]
customer,BOLD,BOLD,ar,2026-08-04,payment,PAYMENT,ALAWI HUSUNI MOHAMED,,0.0,720000.0,-720000.0,0.0,2026-08-04,[]
customer,BOLD,BOLD,ar,2026-08-04,payment,PAYMENT,FUND TRANSFER,,0.0,230000.0,-230000.0,0.0,2026-08-04,[]
customer,BOLD,BOLD,ar,2026-08-04,payment,PAYMENT,MARIAM ISAM,,0.0,600000.0,-600000.0,0.0,2026-08-04,[]
customer,BOLD,BOLD,ar,2026-08-04,payment,PAYMENT,MARIAM ISAM,,0.0,700000.0,-700000.0,0.0,2026-08-04,[]
customer,BOLD,BOLD,ar,2026-08-04,payment,PAYMENT,PHOSTINE AKINYI,,0.0,200000.0,-200000.0,0.0,2026-08-04,[]
customer,BOLD,BOLD,ar,2026-08-04,loading,,KBE 245Y,,1988000.0,0.0,1988000.0,1988000.0,2026-08-04,"[{""grade"": ""PMS"", ""qty"": 10000.0, ""price"": 198.8}]"
customer,BOLD,BOLD,ar,2026-08-04,loading,,KBG 498R,,1986500.0,0.0,1986500.0,1986500.0,2026-08-04,"[{""grade"": ""PMS"", ""qty"": 7000.0, ""price"": 198.8}, {""grade"": ""AGO"", ""qty"": 3000.0, ""price"": 198.3}]"
customer,BOLD,BOLD,ar,2026-08-04,loading,,KBL 473S,,1988000.0,0.0,1988000.0,1988000.0,2026-08-04,"[{""grade"": ""PMS"", ""qty"": 10000.0, ""price"": 198.8}]"
customer,BOLD,BOLD,ar,2026-08-04,loading,,KBY 554Z,,1986000.0,0.0,1986000.0,1986000.0,2026-08-04,"[{""grade"": ""PMS"", ""qty"": 6000.0, ""price"": 198.8}, {""grade"": ""AGO"", ""qty"": 4000.0, ""price"": 198.3}]"
customer,BOLD,BOLD,ar,2026-08-04,loading,,KDT 943V,,1988000.0,0.0,1988000.0,1988000.0,2026-08-04,"[{""grade"": ""PMS"", ""qty"": 10000.0, ""price"": 198.8}]"
customer,DARRUSALAAM,DARRUSALAAM,ar,2026-08-04,payment,PAYMENT,KCB,,0.0,3950000.0,-3950000.0,0.0,2026-08-04,[]
customer,DARRUSALAAM,DARRUSALAAM,ar,2026-08-04,loading,,KCA 340H,,6947500.0,0.0,6947500.0,6947500.0,2026-08-04,"[{""grade"": ""AGO"", ""qty"": 35000.0, ""price"": 198.5}]"
customer,FRABIJE,FRABIJE,ar,2026-08-04,payment,PAYMENT,ABSA,,0.0,1373000.0,-1373000.0,0.0,2026-08-04,[]
customer,HASHAM,HASHAM,ar,2026-08-04,payment,PAYMENT,GULF,,0.0,3160000.0,-3160000.0,0.0,2026-08-04,[]
customer,HASHAM,HASHAM,ar,2026-08-04,loading,,KBK 308Q,,3160000.0,0.0,3160000.0,3160000.0,2026-08-04,"[{""grade"": ""AGO"", ""qty"": 16000.0, ""price"": 197.5}]"
customer,HK,HK,ar,2026-08-04,payment,PAYMENT,KCB,,0.0,250000.0,-250000.0,0.0,2026-08-04,[]
customer,HK,HK,ar,2026-08-04,payment,PAYMENT,KCB,,0.0,248500.0,-248500.0,0.0,2026-08-04,[]
customer,HK,HK,ar,2026-08-04,payment,PAYMENT,KCB,,0.0,106000.0,-106000.0,0.0,2026-08-04,[]
customer,KUSOW,KUSOW,ar,2026-08-04,payment,PAYMENT,PREMIER,,0.0,175430.0,-175430.0,0.0,2026-08-04,[]
customer,MALUINI,MALUINI,ar,2026-08-04,payment,PAYMENT,ABSA,,0.0,1975000.0,-1975000.0,0.0,2026-08-04,[]
customer,MAOW,MAOW,ar,2026-08-04,loading,,KCB 934M,,2391600.0,0.0,2391600.0,2391600.0,2026-08-04,"[{""grade"": ""PMS"", ""qty"": 4000.0, ""price"": 199.3}, {""grade"": ""AGO"", ""qty"": 8000.0, ""price"": 199.3}]"
customer,MAQBUL,MAQBUL,ar,2026-08-04,payment,PAYMENT,ABSA,,0.0,646500.0,-646500.0,0.0,2026-08-04,[]
customer,MAQBUL,MAQBUL,ar,2026-08-04,payment,PAYMENT,ABSA,,0.0,780000.0,-780000.0,0.0,2026-08-04,[]
customer,MOHAMED,MOHAMED,ar,2026-08-04,payment,PAYMENT,ABSA,,0.0,1250000.0,-1250000.0,0.0,2026-08-04,[]
customer,MOHAMED,MOHAMED,ar,2026-08-04,loading,,KCC 166U,,1990000.0,0.0,1990000.0,1990000.0,2026-08-04,"[{""grade"": ""PMS"", ""qty"": 10000.0, ""price"": 199.0}]"
customer,OREY,OREY,ar,2026-08-04,payment,PAYMENT,ABSA,,0.0,7110000.0,-7110000.0,0.0,2026-08-04,[]
customer,OREY,OREY,ar,2026-08-04,loading,,KCH 048B,,7146000.0,0.0,7146000.0,7146000.0,2026-08-04,"[{""grade"": ""PMS"", ""qty"": 25000.0, ""price"": 198.5}, {""grade"": ""AGO"", ""qty"": 11000.0, ""price"": 198.5}]"
customer,PETROL KIM,PETROL KIM,ar,2026-08-04,payment,PAYMENT,EQUITY,,0.0,1400000.0,-1400000.0,0.0,2026-08-04,[]
customer,PETROL KIM,PETROL KIM,ar,2026-08-04,loading,,KBB 038G,,2003000.0,0.0,2003000.0,2003000.0,2026-08-04,"[{""grade"": ""PMS"", ""qty"": 10000.0, ""price"": 200.3}]"
customer,PETROL KIM,PETROL KIM,ar,2026-08-04,loading,,KBS 311L,,2003000.0,0.0,2003000.0,2003000.0,2026-08-04,"[{""grade"": ""PMS"", ""qty"": 10000.0, ""price"": 200.3}]"
customer,SAKATII,SAKATII,ar,2026-08-04,payment,PAYMENT,KCB,,0.0,137000.0,-137000.0,0.0,2026-08-04,[]
customer,SAYUSA,SAYUSA,ar,2026-08-04,payment,PAYMENT,ABSA,,0.0,1798000.0,-1798000.0,0.0,2026-08-04,[]
customer,SAYUSA,SAYUSA,ar,2026-08-04,payment,PAYMENT,ABSA,,0.0,1092000.0,-1092000.0,0.0,2026-08-04,[]
customer,SAYUSA,SAYUSA,ar,2026-08-04,loading,,KDG 103L,,2000000.0,0.0,2000000.0,2000000.0,2026-08-04,"[{""grade"": ""AGO"", ""qty"": 10000.0, ""price"": 200.0}]"
customer,WAFI,WAFI,ar,2026-08-04,payment,PAYMENT,KCB,,0.0,820000.0,-820000.0,0.0,2026-08-04,[]
customer,WAFI,WAFI,ar,2026-08-04,loading,,KCF 657F,,1990000.0,0.0,1990000.0,1990000.0,2026-08-04,"[{""grade"": ""PMS"", ""qty"": 10000.0, ""price"": 199.0}]"
customer,WBP INVEST.,WBP INVEST.,ar,2026-08-04,payment,PAYMENT,EQUITY,,0.0,600000.0,-600000.0,0.0,2026-08-04,[]
customer,ZAYNU,ZAYNU,ar,2026-08-04,payment,PAYMENT,ABSA,,0.0,2825000.0,-2825000.0,0.0,2026-08-04,[]
customer,ZAYNU,ZAYNU,ar,2026-08-04,loading,,KBX 293X,,1983000.0,0.0,1983000.0,1983000.0,2026-08-04,"[{""grade"": ""AGO"", ""qty"": 10000.0, ""price"": 198.3}]"
customer,ZAYNU,ZAYNU,ar,2026-08-04,loading,,KCA 972M,,1988000.0,0.0,1988000.0,1988000.0,2026-08-04,"[{""grade"": ""PMS"", ""qty"": 10000.0, ""price"": 198.8}]"
supplier,PIN OIL,PIN,ap,2026-08-04,payment,PAYMENT,KCB,,3000000.0,0.0,-3000000.0,0.0,2026-08-04,[]
supplier,RAAD ENERGY LIMITED,RAAD,ap,2026-08-04,payment,PAYMENT,ABSA,,0.0,2640000.0,2640000.0,0.0,2026-08-04,[]
supplier,RAAD ENERGY LIMITED,RAAD,ap,2026-08-04,payment,PAYMENT,KCB,,0.0,3502000.0,3502000.0,0.0,2026-08-04,[]
supplier,RAAD ENERGY LIMITED,RAAD,ap,2026-08-04,payment,PAYMENT,GULF,,0.0,3158000.0,3158000.0,0.0,2026-08-04,[]
supplier,RAAD ENERGY LIMITED,RAAD,ap,2026-08-04,payment,PAYMENT,EQUITY,,0.0,1970000.0,1970000.0,0.0,2026-08-04,[]
supplier,RAAD ENERGY LIMITED,RAAD,ap,2026-08-04,payment,PAYMENT,EQUITY,,0.0,1400000.0,1400000.0,0.0,2026-08-04,[]
supplier,SKYBARREL ENERGY LIMITED,SKYBARREL,ap,2026-08-04,payment,PAYMENT,ABSA,,0.0,1965000.0,1965000.0,0.0,2026-08-04,[]
supplier,SKYBARREL ENERGY LIMITED,SKYBARREL,ap,2026-08-04,payment,PAYMENT,ABSA,,0.0,1770000.0,1770000.0,0.0,2026-08-04,[]
supplier,SKYBARREL ENERGY LIMITED,SKYBARREL,ap,2026-08-04,payment,PAYMENT,KCB,,0.0,720000.0,720000.0,0.0,2026-08-04,[]
supplier,VITALAC INTERNATIONAL  LIMITED,VITALAC,ap,2026-08-04,payment,PAYMENT,KCB,,2741000.0,0.0,-2741000.0,0.0,2026-08-04,[]
supplier,VITALAC INTERNATIONAL  LIMITED,VITALAC,ap,2026-08-04,payment,PAYMENT,ABSA,,11610000.0,0.0,-11610000.0,0.0,2026-08-04,[]
supplier,VITALAC INTERNATIONAL  LIMITED,VITALAC,ap,2026-08-04,payment,PAYMENT,ABSA,,9557000.0,0.0,-9557000.0,0.0,2026-08-04,[]
supplier,VITALAC INTERNATIONAL  LIMITED,VITALAC,ap,2026-08-04,loading,,KAV 369B,,0.0,1980000.0,1980000.0,1980000.0,2026-08-04,"[{""grade"": ""PMS"", ""qty"": 6000.0, ""price"": 198.0}, {""grade"": ""AGO"", ""qty"": 4000.0, ""price"": 198.0}]"
supplier,VITALAC INTERNATIONAL  LIMITED,VITALAC,ap,2026-08-04,loading,,KCF 657F,,0.0,1980000.0,1980000.0,1980000.0,2026-08-04,"[{""grade"": ""PMS"", ""qty"": 10000.0, ""price"": 198.0}]"
supplier,VITALAC INTERNATIONAL  LIMITED,VITALAC,ap,2026-08-04,loading,,KCH 048B,,0.0,7128000.0,7128000.0,7128000.0,2026-08-04,"[{""grade"": ""PMS"", ""qty"": 25000.0, ""price"": 198.0}, {""grade"": ""AGO"", ""qty"": 11000.0, ""price"": 198.0}]"
supplier,VITALAC INTERNATIONAL  LIMITED,VITALAC,ap,2026-08-04,loading,,KBB 038G,,0.0,1980000.0,1980000.0,1980000.0,2026-08-04,"[{""grade"": ""PMS"", ""qty"": 10000.0, ""price"": 198.0}]"
supplier,VITALAC INTERNATIONAL  LIMITED,VITALAC,ap,2026-08-04,loading,,KBS 311L,,0.0,1980000.0,1980000.0,1980000.0,2026-08-04,"[{""grade"": ""PMS"", ""qty"": 10000.0, ""price"": 198.0}]"
supplier,VITALAC INTERNATIONAL  LIMITED,VITALAC,ap,2026-08-04,loading,,KCB 934M,,0.0,2376000.0,2376000.0,2376000.0,2026-08-04,"[{""grade"": ""PMS"", ""qty"": 4000.0, ""price"": 198.0}, {""grade"": ""AGO"", ""qty"": 8000.0, ""price"": 198.0}]"
supplier,VITALAC INTERNATIONAL  LIMITED,VITALAC,ap,2026-08-04,loading,,KDM 130W,,0.0,2000000.0,2000000.0,2000000.0,2026-08-04,"[{""grade"": ""PMS"", ""qty"": 6000.0, ""price"": 200.0}, {""grade"": ""AGO"", ""qty"": 4000.0, ""price"": 200.0}]"
supplier,VITALAC INTERNATIONAL  LIMITED,VITALAC,ap,2026-08-04,loading,,KBE 245Y,,0.0,1980000.0,1980000.0,1980000.0,2026-08-04,"[{""grade"": ""PMS"", ""qty"": 10000.0, ""price"": 198.0}]"
supplier,VITALAC INTERNATIONAL  LIMITED,VITALAC,ap,2026-08-04,loading,,KBG 498R,,0.0,1980000.0,1980000.0,1980000.0,2026-08-04,"[{""grade"": ""PMS"", ""qty"": 7000.0, ""price"": 198.0}, {""grade"": ""AGO"", ""qty"": 3000.0, ""price"": 198.0}]"
supplier,VITALAC INTERNATIONAL  LIMITED,VITALAC,ap,2026-08-04,loading,,KBX 293X,,0.0,1980000.0,1980000.0,1980000.0,2026-08-04,"[{""grade"": ""AGO"", ""qty"": 10000.0, ""price"": 198.0}]"
supplier,VITALAC INTERNATIONAL  LIMITED,VITALAC,ap,2026-08-04,loading,,KCA 972M,,0.0,1980000.0,1980000.0,1980000.0,2026-08-04,"[{""grade"": ""PMS"", ""qty"": 10000.0, ""price"": 198.0}]"
supplier,VITALAC INTERNATIONAL  LIMITED,VITALAC,ap,2026-08-04,loading,,KBL 473S,,0.0,1980000.0,1980000.0,1980000.0,2026-08-04,"[{""grade"": ""PMS"", ""qty"": 10000.0, ""price"": 198.0}]"
supplier,VITALAC INTERNATIONAL  LIMITED,VITALAC,ap,2026-08-04,loading,,KBY 554Z,,0.0,1980000.0,1980000.0,1980000.0,2026-08-04,"[{""grade"": ""PMS"", ""qty"": 6000.0, ""price"": 198.0}, {""grade"": ""AGO"", ""qty"": 4000.0, ""price"": 198.0}]"
supplier,VITALAC INTERNATIONAL  LIMITED,VITALAC,ap,2026-08-04,loading,,KDT 943V,,0.0,1980000.0,1980000.0,1980000.0,2026-08-04,"[{""grade"": ""PMS"", ""qty"": 10000.0, ""price"": 198.0}]"
supplier,VITALAC INTERNATIONAL  LIMITED,VITALAC,ap,2026-08-04,loading,,KDG 103L,,0.0,1980000.0,1980000.0,1980000.0,2026-08-04,"[{""grade"": ""AGO"", ""qty"": 10000.0, ""price"": 198.0}]"
supplier,VITALAC INTERNATIONAL  LIMITED,VITALAC,ap,2026-08-04,loading,,KCA 340H,,0.0,6930000.0,6930000.0,6930000.0,2026-08-04,"[{""grade"": ""AGO"", ""qty"": 35000.0, ""price"": 198.0}]"
customer,BOLD,BOLD,ar,2026-08-05,loading,,KDM 130W,,2003000.0,0.0,2003000.0,2003000.0,2026-08-05,"[{""grade"": ""PMS"", ""qty"": 6000.0, ""price"": 200.3}, {""grade"": ""AGO"", ""qty"": 4000.0, ""price"": 200.3}]"
customer,BOLD,BOLD,ar,2026-08-05,payment,PAYMENT,PETRONET,,0.0,8800000.0,-8800000.0,0.0,2026-08-05,[]
customer,BOLD,BOLD,ar,2026-08-05,payment,PAYMENT,PETRONET,,0.0,1076000.0,-1076000.0,0.0,2026-08-05,[]
customer,BOLD,BOLD,ar,2026-08-05,payment,PAYMENT,AL RAIDY STORES,,0.0,150000.0,-150000.0,0.0,2026-08-05,[]
customer,BOLD,BOLD,ar,2026-08-05,payment,PAYMENT,AMASO ENTERPRISES LIMITED,,0.0,620000.0,-620000.0,0.0,2026-08-05,[]
customer,BOLD,BOLD,ar,2026-08-05,payment,PAYMENT,BWANAMKUU -PESALINK,,0.0,500000.0,-500000.0,0.0,2026-08-05,[]
customer,BOLD,BOLD,ar,2026-08-05,payment,PAYMENT,BWANAMKUU -PESALINK,,0.0,500000.0,-500000.0,0.0,2026-08-05,[]
customer,BOLD,BOLD,ar,2026-08-05,loading,,KDC 920Y,,2003000.0,0.0,2003000.0,2003000.0,2026-08-05,"[{""grade"": ""PMS"", ""qty"": 10000.0, ""price"": 200.3}]"
customer,BOLD,BOLD,ar,2026-08-05,loading,,KDT 943V,,2003000.0,0.0,2003000.0,2003000.0,2026-08-05,"[{""grade"": ""PMS"", ""qty"": 10000.0, ""price"": 200.3}]"
customer,BOLD,BOLD,ar,2026-08-05,loading,,KBY 554Z,,2003000.0,0.0,2003000.0,2003000.0,2026-08-05,"[{""grade"": ""PMS"", ""qty"": 10000.0, ""price"": 200.3}]"
customer,BOLD,BOLD,ar,2026-08-05,loading,,KBG 498R,,2003000.0,0.0,2003000.0,2003000.0,2026-08-05,"[{""grade"": ""PMS"", ""qty"": 10000.0, ""price"": 200.3}]"
customer,BOLD,BOLD,ar,2026-08-05,loading,,KBL 473S,,2003000.0,0.0,2003000.0,2003000.0,2026-08-05,"[{""grade"": ""AGO"", ""qty"": 10000.0, ""price"": 200.3}]"
customer,BOLD,BOLD,ar,2026-08-05,loading,,KCL 098L,,2003000.0,0.0,2003000.0,2003000.0,2026-08-05,"[{""grade"": ""PMS"", ""qty"": 7000.0, ""price"": 200.3}, {""grade"": ""AGO"", ""qty"": 3000.0, ""price"": 200.3}]"
customer,BOLD,BOLD,ar,2026-08-05,loading,,KDB 911B,,2053000.0,0.0,2053000.0,2053000.0,2026-08-05,"[{""grade"": ""AGO"", ""qty"": 10000.0, ""price"": 205.3}]"
customer,BOLD,BOLD,ar,2026-08-05,loading,,KBZ 872N,,2053000.0,0.0,2053000.0,2053000.0,2026-08-05,"[{""grade"": ""AGO"", ""qty"": 10000.0, ""price"": 205.3}]"
customer,BOLD,BOLD,ar,2026-08-05,loading,,KCG 292V,,2033000.0,0.0,2033000.0,2033000.0,2026-08-05,"[{""grade"": ""AGO"", ""qty"": 10000.0, ""price"": 203.3}]"
customer,CHESEFIELD,CHESEFIELD,ar,2026-08-05,payment,PAYMENT,EQUITY,,0.0,500000.0,-500000.0,0.0,2026-08-05,[]
customer,DIMKA,DIMKA,ar,2026-08-05,payment,PAYMENT,KCB,,0.0,1990000.0,-1990000.0,0.0,2026-08-05,[]
customer,HK,HK,ar,2026-08-05,loading,,KAV 369B,,604500.0,0.0,604500.0,604500.0,2026-08-05,"[{""grade"": ""PMS"", ""qty"": 3000.0, ""price"": 201.5}]"
customer,KHADIJA,KHADIJA,ar,2026-08-05,loading,,KAV 369B,,1017500.0,0.0,1017500.0,1017500.0,2026-08-05,"[{""grade"": ""PMS"", ""qty"": 3000.0, ""price"": 203.5}, {""grade"": ""AGO"", ""qty"": 2000.0, ""price"": 203.5}]"
customer,KUSOW,KUSOW,ar,2026-08-05,payment,PAYMENT,PREMIER,,0.0,178515.0,-178515.0,0.0,2026-08-05,[]
customer,KUSOW,KUSOW,ar,2026-08-05,payment,PAYMENT,PREMIER,,0.0,98880.0,-98880.0,0.0,2026-08-05,[]
customer,KUSOW,KUSOW,ar,2026-08-05,payment,PAYMENT,PREMIER,,0.0,100000.0,-100000.0,0.0,2026-08-05,[]
customer,KUSOW,KUSOW,ar,2026-08-05,payment,PAYMENT,PREMIER,,0.0,236963.0,-236963.0,0.0,2026-08-05,[]
customer,KUSOW,KUSOW,ar,2026-08-05,payment,PAYMENT,PREMIER,,0.0,114110.0,-114110.0,0.0,2026-08-05,[]
customer,KUSOW,KUSOW,ar,2026-08-05,loading,,KBZ 743G,,2010000.0,0.0,2010000.0,2010000.0,2026-08-05,"[{""grade"": ""PMS"", ""qty"": 10000.0, ""price"": 201.0}]"
customer,LANDMARK,LANDMARK,ar,2026-08-05,payment,PAYMENT,EQUITY,,0.0,1000000.0,-1000000.0,0.0,2026-08-05,[]
customer,LANDMARK,LANDMARK,ar,2026-08-05,payment,PAYMENT,EQUITY,,0.0,1000000.0,-1000000.0,0.0,2026-08-05,[]
customer,LANDMARK,LANDMARK,ar,2026-08-05,loading,,KCC 166U,,2025000.0,0.0,2025000.0,2025000.0,2026-08-05,"[{""grade"": ""AGO"", ""qty"": 10000.0, ""price"": 202.5}]"
customer,MALUINI,MALUINI,ar,2026-08-05,loading,,KDU 024V,5025-1075,2010000.0,0.0,2010000.0,2010000.0,2026-08-05,"[{""grade"": ""PMS"", ""qty"": 10000.0, ""price"": 201.0}]"
customer,MAQBUL,MAQBUL,ar,2026-08-05,payment,PAYMENT,ABSA,,0.0,646500.0,-646500.0,0.0,2026-08-05,[]
customer,MAQBUL,MAQBUL,ar,2026-08-05,payment,PAYMENT,ABSA,,0.0,780000.0,-780000.0,0.0,2026-08-05,[]
customer,MWAMU,MWAMU,ar,2026-08-05,payment,PAYMENT,ABSA,,0.0,111000.0,-111000.0,0.0,2026-08-05,[]
customer,MWAMU,MWAMU,ar,2026-08-05,payment,PAYMENT,ABSA,,0.0,28750.0,-28750.0,0.0,2026-08-05,[]
customer,PETROL KIM,PETROL KIM,ar,2026-08-05,payment,PAYMENT,KCB,,0.0,3500000.0,-3500000.0,0.0,2026-08-05,[]
customer,SAKATII,SAKATII,ar,2026-08-05,payment,PAYMENT,KCB,,0.0,114000.0,-114000.0,0.0,2026-08-05,[]
customer,SHAMEEL,SHAMEEL,ar,2026-08-05,payment,PAYMENT,ABSA,,0.0,229800.0,-229800.0,0.0,2026-08-05,[]
customer,SHAMEEL,SHAMEEL,ar,2026-08-05,payment,PAYMENT,ABSA,,0.0,6450.0,-6450.0,0.0,2026-08-05,[]
customer,SHAMEEL,SHAMEEL,ar,2026-08-05,loading,,KAV 369B,,409000.0,0.0,409000.0,409000.0,2026-08-05,"[{""grade"": ""AGO"", ""qty"": 2000.0, ""price"": 204.5}]"
customer,TRANSGLIDE,TRANSGLIDE,ar,2026-08-05,loading,,KAX 628E,,2023000.0,0.0,2023000.0,2023000.0,2026-08-05,"[{""grade"": ""AGO"", ""qty"": 10000.0, ""price"": 202.3}]"
customer,ZAYNU,ZAYNU,ar,2026-08-05,payment,PAYMENT,ABSA,,0.0,490000.0,-490000.0,0.0,2026-08-05,[]
customer,ZAYNU,ZAYNU,ar,2026-08-05,payment,PAYMENT,ABSA,,0.0,263000.0,-263000.0,0.0,2026-08-05,[]
supplier,KENGAS KENYA LIMITED,KENGAS,ap,2026-08-05,payment,PAYMENT,ABSA,,750000.0,0.0,-750000.0,0.0,2026-08-05,[]
supplier,KENGAS KENYA LIMITED,KENGAS,ap,2026-08-05,payment,PAYMENT,KCB,,780000.0,0.0,-780000.0,0.0,2026-08-05,[]
supplier,KENGAS KENYA LIMITED,KENGAS,ap,2026-08-05,payment,PAYMENT,EQUITY,,500000.0,0.0,-500000.0,0.0,2026-08-05,[]
supplier,KENGAS KENYA LIMITED,KENGAS,ap,2026-08-05,loading,,KCG 292V,,0.0,2030000.0,2030000.0,2030000.0,2026-08-05,"[{""grade"": ""AGO"", ""qty"": 10000.0, ""price"": 203.0}]"
supplier,VITALAC INTERNATIONAL  LIMITED,VITALAC,ap,2026-08-05,payment,PAYMENT,ABSA,,10574000.0,0.0,-10574000.0,0.0,2026-08-05,[]
supplier,VITALAC INTERNATIONAL  LIMITED,VITALAC,ap,2026-08-05,payment,PAYMENT,EQUITY,,2800000.0,0.0,-2800000.0,0.0,2026-08-05,[]
supplier,VITALAC INTERNATIONAL  LIMITED,VITALAC,ap,2026-08-05,payment,PAYMENT,PREMIER,,1770000.0,0.0,-1770000.0,0.0,2026-08-05,[]
supplier,VITALAC INTERNATIONAL  LIMITED,VITALAC,ap,2026-08-05,payment,PAYMENT,KCB,,3500000.0,0.0,-3500000.0,0.0,2026-08-05,[]
supplier,VITALAC INTERNATIONAL  LIMITED,VITALAC,ap,2026-08-05,loading,,KDU 024V,,0.0,1980000.0,1980000.0,1980000.0,2026-08-05,"[{""grade"": ""PMS"", ""qty"": 10000.0, ""price"": 198.0}]"
supplier,VITALAC INTERNATIONAL  LIMITED,VITALAC,ap,2026-08-05,loading,,KDC 920Y,,0.0,1980000.0,1980000.0,1980000.0,2026-08-05,"[{""grade"": ""PMS"", ""qty"": 10000.0, ""price"": 198.0}]"
supplier,VITALAC INTERNATIONAL  LIMITED,VITALAC,ap,2026-08-05,loading,,KDT 943V,,0.0,1980000.0,1980000.0,1980000.0,2026-08-05,"[{""grade"": ""PMS"", ""qty"": 10000.0, ""price"": 198.0}]"
supplier,VITALAC INTERNATIONAL  LIMITED,VITALAC,ap,2026-08-05,loading,,KAV 369B,,0.0,2000000.0,2000000.0,2000000.0,2026-08-05,"[{""grade"": ""PMS"", ""qty"": 10000.0, ""price"": 200.0}]"
supplier,VITALAC INTERNATIONAL  LIMITED,VITALAC,ap,2026-08-05,loading,,KCC 166U,,0.0,2000000.0,2000000.0,2000000.0,2026-08-05,"[{""grade"": ""AGO"", ""qty"": 10000.0, ""price"": 200.0}]"
supplier,VITALAC INTERNATIONAL  LIMITED,VITALAC,ap,2026-08-05,loading,,KAX 628E,,0.0,2000000.0,2000000.0,2000000.0,2026-08-05,"[{""grade"": ""AGO"", ""qty"": 10000.0, ""price"": 200.0}]"
supplier,VITALAC INTERNATIONAL  LIMITED,VITALAC,ap,2026-08-05,loading,,KBZ 743G,,0.0,2000000.0,2000000.0,2000000.0,2026-08-05,"[{""grade"": ""PMS"", ""qty"": 10000.0, ""price"": 200.0}]"
supplier,VITALAC INTERNATIONAL  LIMITED,VITALAC,ap,2026-08-05,loading,,KBY 554Z,,0.0,2000000.0,2000000.0,2000000.0,2026-08-05,"[{""grade"": ""PMS"", ""qty"": 10000.0, ""price"": 200.0}]"
supplier,VITALAC INTERNATIONAL  LIMITED,VITALAC,ap,2026-08-05,loading,,KBG 498R,,0.0,2000000.0,2000000.0,2000000.0,2026-08-05,"[{""grade"": ""PMS"", ""qty"": 10000.0, ""price"": 200.0}]"
supplier,VITALAC INTERNATIONAL  LIMITED,VITALAC,ap,2026-08-05,loading,,KCR 924W,,0.0,2000000.0,2000000.0,2000000.0,2026-08-05,"[{""grade"": ""PMS"", ""qty"": 10000.0, ""price"": 200.0}]"
supplier,VITALAC INTERNATIONAL  LIMITED,VITALAC,ap,2026-08-05,loading,,KBL 473S,,0.0,2000000.0,2000000.0,2000000.0,2026-08-05,"[{""grade"": ""AGO"", ""qty"": 10000.0, ""price"": 200.0}]"
supplier,VITALAC INTERNATIONAL  LIMITED,VITALAC,ap,2026-08-05,loading,,KCL 098L,,0.0,2000000.0,2000000.0,2000000.0,2026-08-05,"[{""grade"": ""PMS"", ""qty"": 7000.0, ""price"": 200.0}, {""grade"": ""AGO"", ""qty"": 3000.0, ""price"": 200.0}]"
supplier,VITALAC INTERNATIONAL  LIMITED,VITALAC,ap,2026-08-05,loading,NBI,KDB 911B,,0.0,2045000.0,2045000.0,2045000.0,2026-08-05,"[{""grade"": ""AGO"", ""qty"": 10000.0, ""price"": 204.5}]"
supplier,VITALAC INTERNATIONAL  LIMITED,VITALAC,ap,2026-08-05,loading,NBI,KBZ 872N,,0.0,2045000.0,2045000.0,2045000.0,2026-08-05,"[{""grade"": ""AGO"", ""qty"": 10000.0, ""price"": 204.5}]"
supplier,VITALAC INTERNATIONAL  LIMITED,VITALAC,ap,2026-08-05,loading,NBI,KDL 369T,,0.0,1227000.0,1227000.0,1227000.0,2026-08-05,"[{""grade"": ""PMS"", ""qty"": 6000.0, ""price"": 204.5}]"
customer,ARABIYA,ARABIYA,ar,2026-08-06,loading,,KAV 369B,,812000.0,0.0,812000.0,812000.0,2026-08-06,"[{""grade"": ""PMS"", ""qty"": 4000.0, ""price"": 203.0}]"
customer,BOLD,BOLD,ar,2026-08-06,payment,PAYMENT,BWANAMKUU -PESALINK,,0.0,500000.0,-500000.0,0.0,2026-08-06,[]
customer,BOLD,BOLD,ar,2026-08-06,payment,PAYMENT,BWANAMKUU -PESALINK,,0.0,500000.0,-500000.0,0.0,2026-08-06,[]
customer,BOLD,BOLD,ar,2026-08-06,payment,PAYMENT,PETRONET,,0.0,3742000.0,-3742000.0,0.0,2026-08-06,[]
customer,BOLD,BOLD,ar,2026-08-06,payment,PAYMENT,PETRONET,,0.0,2739000.0,-2739000.0,0.0,2026-08-06,[]
customer,BOLD,BOLD,ar,2026-08-06,payment,PAYMENT,PETRONET,,0.0,346000.0,-346000.0,0.0,2026-08-06,[]
customer,BOLD,BOLD,ar,2026-08-06,payment,PAYMENT,PETRONET,,0.0,575000.0,-575000.0,0.0,2026-08-06,[]
customer,BOLD,BOLD,ar,2026-08-06,payment,PAYMENT,RIZIKI MOHAMED ALI,,0.0,700000.0,-700000.0,0.0,2026-08-06,[]
customer,BOLD,BOLD,ar,2026-08-06,loading,,KBE 245Y,,2003000.0,0.0,2003000.0,2003000.0,2026-08-06,"[{""grade"": ""PMS"", ""qty"": 10000.0, ""price"": 200.3}]"
customer,DARRUSALAAM,DARRUSALAAM,ar,2026-08-06,payment,PAYMENT,KCB,,0.0,5200000.0,-5200000.0,0.0,2026-08-06,[]
customer,DIMKA,DIMKA,ar,2026-08-06,loading,,KCA 072Q,,1990000.0,0.0,1990000.0,1990000.0,2026-08-06,"[{""grade"": ""PMS"", ""qty"": 10000.0, ""price"": 199.0}]"
customer,HOKOLA,HOKOLA,ar,2026-08-06,payment,PAYMENT,KCB,,0.0,248650.0,-248650.0,0.0,2026-08-06,[]
customer,HOKOLA,HOKOLA,ar,2026-08-06,loading,,KAV 369B,,1224000.0,0.0,1224000.0,1224000.0,2026-08-06,"[{""grade"": ""PMS"", ""qty"": 6000.0, ""price"": 204.0}]"
customer,KHADIJA,KHADIJA,ar,2026-08-06,payment,PAYMENT,EQUITY,,0.0,552000.0,-552000.0,0.0,2026-08-06,[]
customer,LANDMARK,LANDMARK,ar,2026-08-06,payment,PAYMENT,EQUITY,,0.0,1000000.0,-1000000.0,0.0,2026-08-06,[]
customer,LANDMARK,LANDMARK,ar,2026-08-06,payment,PAYMENT,EQUITY,,0.0,990000.0,-990000.0,0.0,2026-08-06,[]
customer,MAOW,MAOW,ar,2026-08-06,payment,PAYMENT,ABSA,,0.0,2300000.0,-2300000.0,0.0,2026-08-06,[]
customer,PETROL KIM,PETROL KIM,ar,2026-08-06,loading,,KCR 924W,,2023000.0,0.0,2023000.0,2023000.0,2026-08-06,"[{""grade"": ""PMS"", ""qty"": 10000.0, ""price"": 202.3}]"
customer,PETROL KIM,PETROL KIM,ar,2026-08-06,loading,,KBS 311L,,2023000.0,0.0,2023000.0,2023000.0,2026-08-06,"[{""grade"": ""PMS"", ""qty"": 10000.0, ""price"": 202.3}]"
customer,PETROL KIM,PETROL KIM,ar,2026-08-06,loading,,KBB 038G,,2013000.0,0.0,2013000.0,2013000.0,2026-08-06,"[{""grade"": ""AGO"", ""qty"": 10000.0, ""price"": 201.3}]"
customer,SAKATII,SAKATII,ar,2026-08-06,payment,PAYMENT,KCB,,0.0,129000.0,-129000.0,0.0,2026-08-06,[]
customer,SAKATII,SAKATII,ar,2026-08-06,loading,,KDG 103L,,818000.0,0.0,818000.0,818000.0,2026-08-06,"[{""grade"": ""PMS"", ""qty"": 4000.0, ""price"": 204.5}]"
customer,SHAMEEL,SHAMEEL,ar,2026-08-06,loading,,KDG 103L,,613500.0,0.0,613500.0,613500.0,2026-08-06,"[{""grade"": ""PMS"", ""qty"": 3000.0, ""price"": 204.5}]"
customer,TRANSGLIDE,TRANSGLIDE,ar,2026-08-06,payment,PAYMENT,ABSA,,0.0,2023000.0,-2023000.0,0.0,2026-08-06,[]
customer,WAFI,WAFI,ar,2026-08-06,payment,PAYMENT,KCB,,0.0,1080000.0,-1080000.0,0.0,2026-08-06,[]
customer,WBP INVEST.,WBP INVEST.,ar,2026-08-06,payment,PAYMENT,EQUITY,,0.0,250000.0,-250000.0,0.0,2026-08-06,[]
customer,WBP INVEST.,WBP INVEST.,ar,2026-08-06,payment,PAYMENT,EQUITY,,0.0,152000.0,-152000.0,0.0,2026-08-06,[]
customer,ZAYNU,ZAYNU,ar,2026-08-06,payment,PAYMENT,ABSA,,0.0,393000.0,-393000.0,0.0,2026-08-06,[]
supplier,PREMIUM ENERGY LIMITED,PREMIUM,ap,2026-08-06,payment,PAYMENT,ABSA,,0.0,1980000.0,1980000.0,0.0,2026-08-06,[]
supplier,VITALAC INTERNATIONAL  LIMITED,VITALAC,ap,2026-08-06,payment,PAYMENT,KCB,,2094000.0,0.0,-2094000.0,0.0,2026-08-06,[]
supplier,VITALAC INTERNATIONAL  LIMITED,VITALAC,ap,2026-08-06,payment,PAYMENT,ABSA,,7150000.0,0.0,-7150000.0,0.0,2026-08-06,[]
supplier,VITALAC INTERNATIONAL  LIMITED,VITALAC,ap,2026-08-06,payment,PAYMENT,ABSA,,4762000.0,0.0,-4762000.0,0.0,2026-08-06,[]
supplier,VITALAC INTERNATIONAL  LIMITED,VITALAC,ap,2026-08-06,payment,PAYMENT,KCB,,2248000.0,0.0,-2248000.0,0.0,2026-08-06,[]
supplier,VITALAC INTERNATIONAL  LIMITED,VITALAC,ap,2026-08-06,payment,PAYMENT,KCB,,6280000.0,0.0,-6280000.0,0.0,2026-08-06,[]
supplier,VITALAC INTERNATIONAL  LIMITED,VITALAC,ap,2026-08-06,payment,PAYMENT,KCB,,1345000.0,0.0,-1345000.0,0.0,2026-08-06,[]
supplier,VITALAC INTERNATIONAL  LIMITED,VITALAC,ap,2026-08-06,payment,PAYMENT,EQUITY,,2392000.0,0.0,-2392000.0,0.0,2026-08-06,[]
supplier,VITALAC INTERNATIONAL  LIMITED,VITALAC,ap,2026-08-06,loading,,KCA 072Q,,0.0,2000000.0,2000000.0,2000000.0,2026-08-06,"[{""grade"": ""PMS"", ""qty"": 10000.0, ""price"": 200.0}]"
supplier,VITALAC INTERNATIONAL  LIMITED,VITALAC,ap,2026-08-06,loading,,KDG 103L,,0.0,600000.0,600000.0,600000.0,2026-08-06,"[{""grade"": ""PMS"", ""qty"": 3000.0, ""price"": 200.0}]"
supplier,VITALAC INTERNATIONAL  LIMITED,VITALAC,ap,2026-08-06,loading,,KDG 103L,,0.0,800000.0,800000.0,800000.0,2026-08-06,"[{""grade"": ""PMS"", ""qty"": 4000.0, ""price"": 200.0}]"
supplier,VITALAC INTERNATIONAL  LIMITED,VITALAC,ap,2026-08-06,loading,,KDG 103L,,0.0,600000.0,600000.0,600000.0,2026-08-06,"[{""grade"": ""PMS"", ""qty"": 3000.0, ""price"": 200.0}]"
supplier,VITALAC INTERNATIONAL  LIMITED,VITALAC,ap,2026-08-06,loading,,KBS 311L,,0.0,2000000.0,2000000.0,2000000.0,2026-08-06,"[{""grade"": ""PMS"", ""qty"": 10000.0, ""price"": 200.0}]"
supplier,VITALAC INTERNATIONAL  LIMITED,VITALAC,ap,2026-08-06,loading,,KBB 038G,,0.0,1995000.0,1995000.0,1995000.0,2026-08-06,"[{""grade"": ""AGO"", ""qty"": 10000.0, ""price"": 199.5}]"
supplier,VITALAC INTERNATIONAL  LIMITED,VITALAC,ap,2026-08-06,loading,,KAV 369B,,0.0,2000000.0,2000000.0,2000000.0,2026-08-06,"[{""grade"": ""PMS"", ""qty"": 6000.0, ""price"": 200.0}, {""grade"": ""AGO"", ""qty"": 4000.0, ""price"": 200.0}]"
supplier,VITALAC INTERNATIONAL  LIMITED,VITALAC,ap,2026-08-06,loading,,KBE 245Y,,0.0,2000000.0,2000000.0,2000000.0,2026-08-06,"[{""grade"": ""PMS"", ""qty"": 10000.0, ""price"": 200.0}]"
customer,ARABIYA,ARABIYA,ar,2026-08-07,payment,PAYMENT,ABSA,,0.0,241859.0,-241859.0,0.0,2026-08-07,[]
customer,ARABIYA,ARABIYA,ar,2026-08-07,payment,PAYMENT,ABSA,,0.0,400715.0,-400715.0,0.0,2026-08-07,[]
customer,ARABIYA,ARABIYA,ar,2026-08-07,loading,,KAV 369B,,2023000.0,0.0,2023000.0,2023000.0,2026-08-07,"[{""grade"": ""PMS"", ""qty"": 6000.0, ""price"": 201.5}, {""grade"": ""AGO"", ""qty"": 4000.0, ""price"": 203.5}]"
customer,BOLD,BOLD,ar,2026-08-07,payment,PAYMENT,PETRONET,,0.0,10000000.0,-10000000.0,0.0,2026-08-07,[]
customer,BOLD,BOLD,ar,2026-08-07,payment,PAYMENT,MOHAMED SALEH,,0.0,550000.0,-550000.0,0.0,2026-08-07,[]
customer,BOLD,BOLD,ar,2026-08-07,payment,PAYMENT,AL RAIDY STORES,,0.0,665000.0,-665000.0,0.0,2026-08-07,[]
customer,BOLD,BOLD,ar,2026-08-07,payment,PAYMENT,PESALINK TRANSFER,,0.0,847000.0,-847000.0,0.0,2026-08-07,[]
customer,BOLD,BOLD,ar,2026-08-07,loading,,KBZ 984F,,2803200.0,0.0,2803200.0,2803200.0,2026-08-07,"[{""grade"": ""PMS"", ""qty"": 13000.0, ""price"": 200.3}, {""grade"": ""AGO"", ""qty"": 1000.0, ""price"": 199.3}]"
customer,BOLD,BOLD,ar,2026-08-07,loading,,KDC 920Y,,1983000.0,0.0,1983000.0,1983000.0,2026-08-07,"[{""grade"": ""AGO"", ""qty"": 10000.0, ""price"": 198.3}]"
customer,BOLD,BOLD,ar,2026-08-07,loading,,KBK 308Q,,2776200.0,0.0,2776200.0,2776200.0,2026-08-07,"[{""grade"": ""AGO"", ""qty"": 14000.0, ""price"": 198.3}]"
customer,BOLD,BOLD,ar,2026-08-07,loading,,KAR 032Y,,2033000.0,0.0,2033000.0,2033000.0,2026-08-07,"[{""grade"": ""PMS"", ""qty"": 10000.0, ""price"": 203.3}]"
customer,BOLD,BOLD,ar,2026-08-07,loading,,KDT 943V,,1423100.0,0.0,1423100.0,1423100.0,2026-08-07,"[{""grade"": ""PMS"", ""qty"": 7000.0, ""price"": 203.3}]"
customer,BOLD,BOLD,ar,2026-08-07,loading,,KCL 098L,,2033000.0,0.0,2033000.0,2033000.0,2026-08-07,"[{""grade"": ""PMS"", ""qty"": 10000.0, ""price"": 203.3}]"
customer,BOLD,BOLD,ar,2026-08-07,loading,,KBY 554Z,,2033000.0,0.0,2033000.0,2033000.0,2026-08-07,"[{""grade"": ""PMS"", ""qty"": 10000.0, ""price"": 203.3}]"
customer,BOLD,BOLD,ar,2026-08-07,loading,,KDM 130W,,2033000.0,0.0,2033000.0,2033000.0,2026-08-07,"[{""grade"": ""PMS"", ""qty"": 10000.0, ""price"": 203.3}]"
customer,BOLD,BOLD,ar,2026-08-07,loading,,KBL 473S,,2033000.0,0.0,2033000.0,2033000.0,2026-08-07,"[{""grade"": ""PMS"", ""qty"": 10000.0, ""price"": 203.3}]"
customer,BOLD,BOLD,ar,2026-08-07,loading,,KDE 775B,,2033000.0,0.0,2033000.0,2033000.0,2026-08-07,"[{""grade"": ""PMS"", ""qty"": 10000.0, ""price"": 203.3}]"
customer,DARRUSALAAM,DARRUSALAAM,ar,2026-08-07,loading,,KCA 340H,,7529500.0,0.0,7529500.0,7529500.0,2026-08-07,"[{""grade"": ""PMS"", ""qty"": 37000.0, ""price"": 203.5}]"
customer,KUSOW,KUSOW,ar,2026-08-07,payment,PAYMENT,PREMIER,,0.0,150000.0,-150000.0,0.0,2026-08-07,[]
customer,KUSOW,KUSOW,ar,2026-08-07,payment,PAYMENT,PREMIER,,0.0,152615.0,-152615.0,0.0,2026-08-07,[]
customer,KUSOW,KUSOW,ar,2026-08-07,payment,PAYMENT,PREMIER,,0.0,92885.0,-92885.0,0.0,2026-08-07,[]
customer,KUSOW,KUSOW,ar,2026-08-07,payment,PAYMENT,PREMIER,,0.0,76781.0,-76781.0,0.0,2026-08-07,[]
customer,KUSOW,KUSOW,ar,2026-08-07,payment,PAYMENT,PREMIER,,0.0,196807.0,-196807.0,0.0,2026-08-07,[]
customer,LANDMARK,LANDMARK,ar,2026-08-07,payment,PAYMENT,EQUITY,,0.0,35000.0,-35000.0,0.0,2026-08-07,[]
customer,LANDMARK,LANDMARK,ar,2026-08-07,loading,,KCC 166U,,2015000.0,0.0,2015000.0,2015000.0,2026-08-07,"[{""grade"": ""PMS"", ""qty"": 10000.0, ""price"": 201.5}]"
customer,MALUINI,MALUINI,ar,2026-08-07,payment,PAYMENT,ABSA,,0.0,2010000.0,-2010000.0,0.0,2026-08-07,[]
customer,MALUINI,MALUINI,ar,2026-08-07,loading,,KDU 024V,5025-1076,2010000.0,0.0,2010000.0,2010000.0,2026-08-07,"[{""grade"": ""AGO"", ""qty"": 10000.0, ""price"": 201.0}]"
customer,MAQBUL,MAQBUL,ar,2026-08-07,payment,PAYMENT,ABSA,,0.0,660000.0,-660000.0,0.0,2026-08-07,[]
customer,MAQBUL,MAQBUL,ar,2026-08-07,loading,,KDD 231R,5025-1077,1990000.0,0.0,1990000.0,1990000.0,2026-08-07,"[{""grade"": ""AGO"", ""qty"": 10000.0, ""price"": 199.0}]"
customer,MAQBUL,MAQBUL,ar,2026-08-07,loading,,KBK 308Q,5025-1078,403000.0,0.0,403000.0,403000.0,2026-08-07,"[{""grade"": ""AGO"", ""qty"": 2000.0, ""price"": 201.5}]"
customer,MAQBUL,MAQBUL,ar,2026-08-07,loading,,KDT 943V,5025-1079,613500.0,0.0,613500.0,613500.0,2026-08-07,"[{""grade"": ""PMS"", ""qty"": 3000.0, ""price"": 204.5}]"
customer,MOHAMED,MOHAMED,ar,2026-08-07,payment,PAYMENT,ABSA,,0.0,500000.0,-500000.0,0.0,2026-08-07,[]
customer,MWAMU,MWAMU,ar,2026-08-07,payment,PAYMENT,ABSA,,0.0,26850.0,-26850.0,0.0,2026-08-07,[]
customer,PETROL KIM,PETROL KIM,ar,2026-08-07,payment,PAYMENT,KCB,,0.0,4000000.0,-4000000.0,0.0,2026-08-07,[]
customer,QUBAA,QUBAA,ar,2026-08-07,payment,PAYMENT,GULF,,0.0,2009000.0,-2009000.0,0.0,2026-08-07,[]
customer,QUBAA,QUBAA,ar,2026-08-07,loading,,KAU 439D,,2012000.0,0.0,2012000.0,2012000.0,2026-08-07,"[{""grade"": ""PMS"", ""qty"": 3000.0, ""price"": 203.3}, {""grade"": ""AGO"", ""qty"": 7000.0, ""price"": 200.3}]"
customer,RAMCO,RAMCO,ar,2026-08-07,payment,PAYMENT,EQUITY,,0.0,300000.0,-300000.0,0.0,2026-08-07,[]
customer,RAMCO,RAMCO,ar,2026-08-07,payment,PAYMENT,EQUITY,,0.0,1500000.0,-1500000.0,0.0,2026-08-07,[]
customer,RAMCO,RAMCO,ar,2026-08-07,loading,,KBF 696N,,2032500.0,0.0,2032500.0,2032500.0,2026-08-07,"[{""grade"": ""PMS"", ""qty"": 7000.0, ""price"": 204.0}, {""grade"": ""AGO"", ""qty"": 3000.0, ""price"": 201.5}]"
customer,SAKATII,SAKATII,ar,2026-08-07,payment,PAYMENT,KCB,,0.0,122000.0,-122000.0,0.0,2026-08-07,[]
customer,SAYUSA,SAYUSA,ar,2026-08-07,loading,,KBF 520W,,2020000.0,0.0,2020000.0,2020000.0,2026-08-07,"[{""grade"": ""AGO"", ""qty"": 10000.0, ""price"": 202.0}]"
customer,TRANSGLIDE,TRANSGLIDE,ar,2026-08-07,loading,,KDG 103L,,1007500.0,0.0,1007500.0,1007500.0,2026-08-07,"[{""grade"": ""AGO"", ""qty"": 5000.0, ""price"": 201.5}]"
customer,WAFI,WAFI,ar,2026-08-07,loading,,KCF 657F,,2035000.0,0.0,2035000.0,2035000.0,2026-08-07,"[{""grade"": ""PMS"", ""qty"": 10000.0, ""price"": 203.5}]"
supplier,OLA ENERGIES KENYA LTD,OLA,ap,2026-08-07,payment,PAYMENT,ABSA,,1971000.0,0.0,-1971000.0,0.0,2026-08-07,[]
supplier,OLA ENERGIES KENYA LTD,OLA,ap,2026-08-07,loading,,KDD 231R,,0.0,1970000.0,1970000.0,1970000.0,2026-08-07,"[{""grade"": ""AGO"", ""qty"": 10000.0, ""price"": 197.0}]"
supplier,PIN OIL,PIN,ap,2026-08-07,loading,,KCC 166U,,0.0,1995000.0,1995000.0,1995000.0,2026-08-07,"[{""grade"": ""PMS"", ""qty"": 10000.0, ""price"": 199.5}]"
supplier,PIN OIL,PIN,ap,2026-08-07,loading,,KBZ 984F,,0.0,2791500.0,2791500.0,2791500.0,2026-08-07,"[{""grade"": ""PMS"", ""qty"": 13000.0, ""price"": 199.5}, {""grade"": ""AGO"", ""qty"": 1000.0, ""price"": 198.0}]"
supplier,PREMIUM ENERGY LIMITED,PREMIUM,ap,2026-08-07,payment,PAYMENT,ABSA,,0.0,3168000.0,3168000.0,0.0,2026-08-07,[]
supplier,PREMIUM ENERGY LIMITED,PREMIUM,ap,2026-08-07,loading,,KAR 032Y,,1980000.0,0.0,-1980000.0,1980000.0,2026-08-07,"[{""grade"": ""AGO"", ""qty"": 10000.0, ""price"": 198.0}]"
supplier,PREMIUM ENERGY LIMITED,PREMIUM,ap,2026-08-07,loading,,KBK 308Q,,3168000.0,0.0,-3168000.0,3168000.0,2026-08-07,"[{""grade"": ""AGO"", ""qty"": 16000.0, ""price"": 198.0}]"
supplier,VITALAC INTERNATIONAL  LIMITED,VITALAC,ap,2026-08-07,payment,PAYMENT,GULF,,2700000.0,0.0,-2700000.0,0.0,2026-08-07,[]
supplier,VITALAC INTERNATIONAL  LIMITED,VITALAC,ap,2026-08-07,payment,PAYMENT,KCB,,4422000.0,0.0,-4422000.0,0.0,2026-08-07,[]
supplier,VITALAC INTERNATIONAL  LIMITED,VITALAC,ap,2026-08-07,payment,PAYMENT,EQUITY,,1984000.0,0.0,-1984000.0,0.0,2026-08-07,[]
supplier,VITALAC INTERNATIONAL  LIMITED,VITALAC,ap,2026-08-07,payment,PAYMENT,EQUITY,,1800000.0,0.0,-1800000.0,0.0,2026-08-07,[]
supplier,VITALAC INTERNATIONAL  LIMITED,VITALAC,ap,2026-08-07,payment,PAYMENT,ABSA,,1580000.0,0.0,-1580000.0,0.0,2026-08-07,[]
supplier,VITALAC INTERNATIONAL  LIMITED,VITALAC,ap,2026-08-07,payment,PAYMENT,ABSA,,6635000.0,0.0,-6635000.0,0.0,2026-08-07,[]
supplier,VITALAC INTERNATIONAL  LIMITED,VITALAC,ap,2026-08-07,loading,,KDC 920Y,,0.0,2000000.0,2000000.0,2000000.0,2026-08-07,"[{""grade"": ""PMS"", ""qty"": 10000.0, ""price"": 200.0}]"
supplier,VITALAC INTERNATIONAL  LIMITED,VITALAC,ap,2026-08-07,loading,,KDT 943V,,0.0,2000000.0,2000000.0,2000000.0,2026-08-07,"[{""grade"": ""PMS"", ""qty"": 10000.0, ""price"": 200.0}]"
supplier,VITALAC INTERNATIONAL  LIMITED,VITALAC,ap,2026-08-07,loading,,KCL 098L,,0.0,2030000.0,2030000.0,2030000.0,2026-08-07,"[{""grade"": ""PMS"", ""qty"": 10000.0, ""price"": 203.0}]"
supplier,VITALAC INTERNATIONAL  LIMITED,VITALAC,ap,2026-08-07,loading,,KBY 554Z,,0.0,2030000.0,2030000.0,2030000.0,2026-08-07,"[{""grade"": ""PMS"", ""qty"": 10000.0, ""price"": 203.0}]"
supplier,VITALAC INTERNATIONAL  LIMITED,VITALAC,ap,2026-08-07,loading,,KCF 657F,,0.0,2030000.0,2030000.0,2030000.0,2026-08-07,"[{""grade"": ""PMS"", ""qty"": 10000.0, ""price"": 203.0}]"
supplier,VITALAC INTERNATIONAL  LIMITED,VITALAC,ap,2026-08-07,loading,,KDG 103L,,0.0,997500.0,997500.0,997500.0,2026-08-07,"[{""grade"": ""AGO"", ""qty"": 5000.0, ""price"": 199.5}]"
supplier,VITALAC INTERNATIONAL  LIMITED,VITALAC,ap,2026-08-07,loading,,KDG 103L,,0.0,997500.0,997500.0,997500.0,2026-08-07,"[{""grade"": ""AGO"", ""qty"": 5000.0, ""price"": 199.5}]"
supplier,VITALAC INTERNATIONAL  LIMITED,VITALAC,ap,2026-08-07,loading,,KBF 520W,,0.0,1995000.0,1995000.0,1995000.0,2026-08-07,"[{""grade"": ""AGO"", ""qty"": 10000.0, ""price"": 199.5}]"
supplier,VITALAC INTERNATIONAL  LIMITED,VITALAC,ap,2026-08-07,loading,,KDM 130W,,0.0,2030000.0,2030000.0,2030000.0,2026-08-07,"[{""grade"": ""PMS"", ""qty"": 10000.0, ""price"": 203.0}]"
supplier,VITALAC INTERNATIONAL  LIMITED,VITALAC,ap,2026-08-07,loading,,KBL 473S,,0.0,2030000.0,2030000.0,2030000.0,2026-08-07,"[{""grade"": ""PMS"", ""qty"": 10000.0, ""price"": 203.0}]"
supplier,VITALAC INTERNATIONAL  LIMITED,VITALAC,ap,2026-08-07,loading,,KDE 775B,,0.0,2030000.0,2030000.0,2030000.0,2026-08-07,"[{""grade"": ""PMS"", ""qty"": 10000.0, ""price"": 203.0}]"
supplier,VITALAC INTERNATIONAL  LIMITED,VITALAC,ap,2026-08-07,loading,,KDU 024V,,0.0,1995000.0,1995000.0,1995000.0,2026-08-07,"[{""grade"": ""AGO"", ""qty"": 10000.0, ""price"": 199.5}]"
supplier,VITALAC INTERNATIONAL  LIMITED,VITALAC,ap,2026-08-07,loading,,KCA 340H,,0.0,7511000.0,7511000.0,7511000.0,2026-08-07,"[{""grade"": ""PMS"", ""qty"": 37000.0, ""price"": 203.0}]"
supplier,VITALAC INTERNATIONAL  LIMITED,VITALAC,ap,2026-08-07,loading,,KAU 439D,,0.0,2005500.0,2005500.0,2005500.0,2026-08-07,"[{""grade"": ""PMS"", ""qty"": 3000.0, ""price"": 203.0}, {""grade"": ""AGO"", ""qty"": 7000.0, ""price"": 199.5}]"
supplier,VITALAC INTERNATIONAL  LIMITED,VITALAC,ap,2026-08-07,loading,,KBF 696N,,0.0,2019500.0,2019500.0,2019500.0,2026-08-07,"[{""grade"": ""PMS"", ""qty"": 7000.0, ""price"": 203.0}, {""grade"": ""AGO"", ""qty"": 3000.0, ""price"": 199.5}]"
customer,BOLD,BOLD,ar,2026-08-08,payment,PAYMENT,PETRONET,,0.0,4240000.0,-4240000.0,0.0,2026-08-08,[]
customer,BOLD,BOLD,ar,2026-08-08,payment,PAYMENT,ABDALLA MOHAMED KOMBO,,0.0,200000.0,-200000.0,0.0,2026-08-08,[]
customer,BOLD,BOLD,ar,2026-08-08,payment,PAYMENT,ABDALLA MOHAMED KOMBO,,0.0,60000.0,-60000.0,0.0,2026-08-08,[]
customer,GULNAZ,GULNAZ,ar,2026-08-08,payment,PAYMENT,KCB,,0.0,540900.0,-540900.0,0.0,2026-08-08,[]
customer,KUSOW,KUSOW,ar,2026-08-08,payment,PAYMENT,PREMIER,,0.0,109545.0,-109545.0,0.0,2026-08-08,[]
customer,KUSOW,KUSOW,ar,2026-08-08,payment,PAYMENT,KCB,,0.0,50000.0,-50000.0,0.0,2026-08-08,[]
customer,MAQBUL,MAQBUL,ar,2026-08-08,payment,PAYMENT,ABSA,,0.0,660000.0,-660000.0,0.0,2026-08-08,[]
customer,OREY,OREY,ar,2026-08-08,payment,PAYMENT,EQUITY,,0.0,7146000.0,-7146000.0,0.0,2026-08-08,[]
customer,PETROL KIM,PETROL KIM,ar,2026-08-08,payment,PAYMENT,KCB,,0.0,2000000.0,-2000000.0,0.0,2026-08-08,[]
customer,SAKATII,SAKATII,ar,2026-08-08,payment,PAYMENT,KCB,,0.0,130000.0,-130000.0,0.0,2026-08-08,[]
customer,UPSALA,UPSALA,ar,2026-08-08,payment,PAYMENT,KCB,,0.0,125300.0,-125300.0,0.0,2026-08-08,[]
customer,UPSALA,UPSALA,ar,2026-08-08,payment,PAYMENT,KCB,,0.0,171000.0,-171000.0,0.0,2026-08-08,[]
supplier,VITALAC INTERNATIONAL  LIMITED,VITALAC,ap,2026-08-08,payment,PAYMENT,ABSA,,5427000.0,0.0,-5427000.0,0.0,2026-08-08,[]
supplier,VITALAC INTERNATIONAL  LIMITED,VITALAC,ap,2026-08-08,payment,PAYMENT,EQUITY,,7145000.0,0.0,-7145000.0,0.0,2026-08-08,[]
supplier,VITALAC INTERNATIONAL  LIMITED,VITALAC,ap,2026-08-08,payment,PAYMENT,KCB,,2593000.0,0.0,-2593000.0,0.0,2026-08-08,[]
customer,MWAMU,MWAMU,ar,2026-08-09,payment,PAYMENT,ABSA,,0.0,56500.0,-56500.0,0.0,2026-08-09,[]
customer,SAKATII,SAKATII,ar,2026-08-09,payment,PAYMENT,KCB,,0.0,147000.0,-147000.0,0.0,2026-08-09,[]
customer,SHAMEEL,SHAMEEL,ar,2026-08-09,payment,PAYMENT,ABSA,,0.0,85850.0,-85850.0,0.0,2026-08-09,[]
customer,SHAMEEL,SHAMEEL,ar,2026-08-09,payment,PAYMENT,ABSA,,0.0,329500.0,-329500.0,0.0,2026-08-09,[]
customer,SHAMEEL,SHAMEEL,ar,2026-08-09,payment,PAYMENT,ABSA,,0.0,104650.0,-104650.0,0.0,2026-08-09,[]
customer,ARABIYA,ARABIYA,ar,2026-08-10,payment,PAYMENT,ABSA,,0.0,676000.0,-676000.0,0.0,2026-08-10,[]
customer,BOLD,BOLD,ar,2026-08-10,payment,PAYMENT,ABDALLA MOHAMED KOMBO,,0.0,128000.0,-128000.0,0.0,2026-08-10,[]
customer,BOLD,BOLD,ar,2026-08-10,payment,PAYMENT,SHAKIR MOHAMED ABDUL,,0.0,128000.0,-128000.0,0.0,2026-08-10,[]
customer,BOLD,BOLD,ar,2026-08-10,payment,PAYMENT,SHAKIR MOHAMED ABDUL,,0.0,100000.0,-100000.0,0.0,2026-08-10,[]
customer,BOLD,BOLD,ar,2026-08-10,payment,PAYMENT,PETRONET,,0.0,10000000.0,-10000000.0,0.0,2026-08-10,[]
customer,BOLD,BOLD,ar,2026-08-10,payment,PAYMENT,PETRONET,,0.0,10000000.0,-10000000.0,0.0,2026-08-10,[]
customer,BOLD,BOLD,ar,2026-08-10,payment,PAYMENT,FUND TRANSFER,,0.0,108000.0,-108000.0,0.0,2026-08-10,[]
customer,BOLD,BOLD,ar,2026-08-10,payment,PAYMENT,FUND TRANSFER,,0.0,90000.0,-90000.0,0.0,2026-08-10,[]
customer,BOLD,BOLD,ar,2026-08-10,loading,,KDY 835M,,3268800.0,0.0,3268800.0,3268800.0,2026-08-10,"[{""grade"": ""AGO"", ""qty"": 16000.0, ""price"": 204.3}]"
customer,BOLD,BOLD,ar,2026-08-10,loading,,KCG 292V,,2043000.0,0.0,2043000.0,2043000.0,2026-08-10,"[{""grade"": ""AGO"", ""qty"": 10000.0, ""price"": 204.3}]"
customer,BOLD,BOLD,ar,2026-08-10,loading,,KBG 498R,,1983000.0,0.0,1983000.0,1983000.0,2026-08-10,"[{""grade"": ""AGO"", ""qty"": 10000.0, ""price"": 198.3}]"
customer,BOLD,BOLD,ar,2026-08-10,loading,,KCL 098L,,2023000.0,0.0,2023000.0,2023000.0,2026-08-10,"[{""grade"": ""PMS"", ""qty"": 10000.0, ""price"": 202.3}]"
customer,BOLD,BOLD,ar,2026-08-10,loading,,KDD 231R,,2019000.0,0.0,2019000.0,2019000.0,2026-08-10,"[{""grade"": ""PMS"", ""qty"": 8000.0, ""price"": 202.3}, {""grade"": ""AGO"", ""qty"": 2000.0, ""price"": 200.3}]"
customer,BOLD,BOLD,ar,2026-08-10,loading,,KBZ 984F,,3439100.0,0.0,3439100.0,3439100.0,2026-08-10,"[{""grade"": ""PMS"", ""qty"": 17000.0, ""price"": 202.3}]"
customer,BOLD,BOLD,ar,2026-08-10,loading,,KAR 032Y,,2015000.0,0.0,2015000.0,2015000.0,2026-08-10,"[{""grade"": ""PMS"", ""qty"": 6000.0, ""price"": 202.3}, {""grade"": ""AGO"", ""qty"": 4000.0, ""price"": 200.3}]"
customer,BOLD,BOLD,ar,2026-08-10,loading,,KDC 920Y,,2023000.0,0.0,2023000.0,2023000.0,2026-08-10,"[{""grade"": ""PMS"", ""qty"": 10000.0, ""price"": 202.3}]"
customer,DARRUSALAAM,DARRUSALAAM,ar,2026-08-10,payment,PAYMENT,KCB,,0.0,2000000.0,-2000000.0,0.0,2026-08-10,[]
customer,ELYAAS,ELYAAS,ar,2026-08-10,loading,,KCC 166U,,2020000.0,0.0,2020000.0,2020000.0,2026-08-10,"[{""grade"": ""AGO"", ""qty"": 10000.0, ""price"": 202.0}]"
customer,HOKOLA,HOKOLA,ar,2026-08-10,payment,PAYMENT,KCB,,0.0,100000.0,-100000.0,0.0,2026-08-10,[]
customer,HOKOLA,HOKOLA,ar,2026-08-10,payment,PAYMENT,KCB,,0.0,100000.0,-100000.0,0.0,2026-08-10,[]
customer,HOKOLA,HOKOLA,ar,2026-08-10,payment,PAYMENT,KCB,,0.0,100000.0,-100000.0,0.0,2026-08-10,[]
customer,HOKOLA,HOKOLA,ar,2026-08-10,payment,PAYMENT,KCB,,0.0,35450.0,-35450.0,0.0,2026-08-10,[]
customer,KHADIJA,KHADIJA,ar,2026-08-10,payment,PAYMENT,EQUITY,,0.0,247500.0,-247500.0,0.0,2026-08-10,[]
customer,KUSOW,KUSOW,ar,2026-08-10,payment,PAYMENT,PREMIER,,0.0,323650.0,-323650.0,0.0,2026-08-10,[]
customer,KUSOW,KUSOW,ar,2026-08-10,payment,PAYMENT,PREMIER,,0.0,479689.0,-479689.0,0.0,2026-08-10,[]
customer,KUSOW,KUSOW,ar,2026-08-10,payment,PAYMENT,PREMIER,,0.0,227755.0,-227755.0,0.0,2026-08-10,[]
customer,KUSOW,KUSOW,ar,2026-08-10,payment,PAYMENT,PREMIER,,0.0,80430.0,-80430.0,0.0,2026-08-10,[]
customer,KUSOW,KUSOW,ar,2026-08-10,loading,,KBZ 743G,,2025500.0,0.0,2025500.0,2025500.0,2026-08-10,"[{""grade"": ""PMS"", ""qty"": 7000.0, ""price"": 203.0}, {""grade"": ""AGO"", ""qty"": 3000.0, ""price"": 201.5}]"
customer,MAOW,MAOW,ar,2026-08-10,payment,PAYMENT,ABSA,,0.0,91600.0,-91600.0,0.0,2026-08-10,[]
customer,MAOW,MAOW,ar,2026-08-10,loading,,KCB 934M,,2431600.0,0.0,2431600.0,2431600.0,2026-08-10,"[{""grade"": ""PMS"", ""qty"": 8000.0, ""price"": 203.3}, {""grade"": ""AGO"", ""qty"": 4000.0, ""price"": 201.3}]"
customer,MAQBUL,MAQBUL,ar,2026-08-10,payment,PAYMENT,ABSA,,0.0,660000.0,-660000.0,0.0,2026-08-10,[]
customer,MARZIQ,MARZIQ,ar,2026-08-10,payment,PAYMENT,KCB,,0.0,2450000.0,-2450000.0,0.0,2026-08-10,[]
customer,MARZIQ,MARZIQ,ar,2026-08-10,loading,,KAV 369B,,2015000.0,0.0,2015000.0,2015000.0,2026-08-10,"[{""grade"": ""AGO"", ""qty"": 10000.0, ""price"": 201.5}]"
customer,MWAMU,MWAMU,ar,2026-08-10,payment,PAYMENT,ABSA,,0.0,70000.0,-70000.0,0.0,2026-08-10,[]
customer,PETROL KIM,PETROL KIM,ar,2026-08-10,loading,,KCR 924W,,2043000.0,0.0,2043000.0,2043000.0,2026-08-10,"[{""grade"": ""PMS"", ""qty"": 10000.0, ""price"": 204.3}]"
customer,PETROL KIM,PETROL KIM,ar,2026-08-10,loading,,KBS 311L,,2043000.0,0.0,2043000.0,2043000.0,2026-08-10,"[{""grade"": ""PMS"", ""qty"": 10000.0, ""price"": 204.3}]"
customer,PETROL KIM,PETROL KIM,ar,2026-08-10,loading,,KBB 038G,,2013000.0,0.0,2013000.0,2013000.0,2026-08-10,"[{""grade"": ""AGO"", ""qty"": 10000.0, ""price"": 201.3}]"
customer,SAKATII,SAKATII,ar,2026-08-10,payment,PAYMENT,KCB,,0.0,122000.0,-122000.0,0.0,2026-08-10,[]
customer,SAYUSA,SAYUSA,ar,2026-08-10,payment,PAYMENT,ABSA,,0.0,1220000.0,-1220000.0,0.0,2026-08-10,[]
customer,WBP INVEST.,WBP INVEST.,ar,2026-08-10,loading,,KBF 471U,,3654000.0,0.0,3654000.0,3654000.0,2026-08-10,"[{""grade"": ""PMS"", ""qty"": 18000.0, ""price"": 203.0}]"
supplier,FOSSIL SUPPLIES  LIMITED,FOSSIL,ap,2026-08-10,payment,PAYMENT,ABSA,,0.0,366000.0,366000.0,0.0,2026-08-10,[]
supplier,FOSSIL SUPPLIES  LIMITED,FOSSIL,ap,2026-08-10,payment,PAYMENT,EQUITY,,0.0,864000.0,864000.0,0.0,2026-08-10,[]
supplier,FOSSIL SUPPLIES  LIMITED,FOSSIL,ap,2026-08-10,loading,,KCN 025A,,1230000.0,0.0,-1230000.0,1230000.0,2026-08-10,"[{""grade"": ""PMS"", ""qty"": 6000.0, ""price"": 205.0}]"
supplier,OIL HUB ENERGY LIIMITED,OIL HUB,ap,2026-08-10,loading,,KDY 835M,,3248000.0,0.0,-3248000.0,3248000.0,2026-08-10,"[{""grade"": ""AGO"", ""qty"": 16000.0, ""price"": 203.0}]"
supplier,OIL HUB ENERGY LIIMITED,OIL HUB,ap,2026-08-10,loading,,KCG 292V,,2030000.0,0.0,-2030000.0,2030000.0,2026-08-10,"[{""grade"": ""AGO"", ""qty"": 10000.0, ""price"": 203.0}]"
supplier,OIL HUB ENERGY LIIMITED,OIL HUB,ap,2026-08-10,loading,,KCC 166U,,1990000.0,0.0,-1990000.0,1990000.0,2026-08-10,"[{""grade"": ""AGO"", ""qty"": 10000.0, ""price"": 199.0}]"
supplier,OIL HUB ENERGY LIIMITED,OIL HUB,ap,2026-08-10,loading,,KBF 520W,,1990000.0,0.0,-1990000.0,1990000.0,2026-08-10,"[{""grade"": ""AGO"", ""qty"": 10000.0, ""price"": 199.0}]"
supplier,OLA ENERGIES KENYA LTD,OLA,ap,2026-08-10,payment,PAYMENT,ABSA,,1970000.0,0.0,-1970000.0,0.0,2026-08-10,[]
supplier,OLA ENERGIES KENYA LTD,OLA,ap,2026-08-10,loading,,KBG 498R,,0.0,1970000.0,1970000.0,1970000.0,2026-08-10,"[{""grade"": ""AGO"", ""qty"": 10000.0, ""price"": 197.0}]"
supplier,QUALITY PETROLEUM,QUALITY,ap,2026-08-10,payment,PAYMENT,KCB,,2000000.0,0.0,-2000000.0,0.0,2026-08-10,[]
supplier,VITALAC INTERNATIONAL  LIMITED,VITALAC,ap,2026-08-10,payment,PAYMENT,ABSA,,11888000.0,0.0,-11888000.0,0.0,2026-08-10,[]
supplier,VITALAC INTERNATIONAL  LIMITED,VITALAC,ap,2026-08-10,payment,PAYMENT,ABSA,,10000000.0,0.0,-10000000.0,0.0,2026-08-10,[]
supplier,VITALAC INTERNATIONAL  LIMITED,VITALAC,ap,2026-08-10,payment,PAYMENT,KCB,,3062000.0,0.0,-3062000.0,0.0,2026-08-10,[]
supplier,VITALAC INTERNATIONAL  LIMITED,VITALAC,ap,2026-08-10,payment,PAYMENT,PREMIER,,1890000.0,0.0,-1890000.0,0.0,2026-08-10,[]
supplier,VITALAC INTERNATIONAL  LIMITED,VITALAC,ap,2026-08-10,loading,,KCR 924W,,0.0,2030000.0,2030000.0,2030000.0,2026-08-10,"[{""grade"": ""PMS"", ""qty"": 10000.0, ""price"": 203.0}]"
supplier,VITALAC INTERNATIONAL  LIMITED,VITALAC,ap,2026-08-10,loading,,KBS 311L,,0.0,2030000.0,2030000.0,2030000.0,2026-08-10,"[{""grade"": ""PMS"", ""qty"": 10000.0, ""price"": 203.0}]"
supplier,VITALAC INTERNATIONAL  LIMITED,VITALAC,ap,2026-08-10,loading,,KBB 038G,,0.0,1995000.0,1995000.0,1995000.0,2026-08-10,"[{""grade"": ""AGO"", ""qty"": 10000.0, ""price"": 199.5}]"
supplier,VITALAC INTERNATIONAL  LIMITED,VITALAC,ap,2026-08-10,loading,,KAV 369B,,0.0,1995000.0,1995000.0,1995000.0,2026-08-10,"[{""grade"": ""AGO"", ""qty"": 10000.0, ""price"": 199.5}]"
supplier,VITALAC INTERNATIONAL  LIMITED,VITALAC,ap,2026-08-10,loading,,KCL 098L,,0.0,2020000.0,2020000.0,2020000.0,2026-08-10,"[{""grade"": ""PMS"", ""qty"": 10000.0, ""price"": 202.0}]"
supplier,VITALAC INTERNATIONAL  LIMITED,VITALAC,ap,2026-08-10,loading,,KBZ 743G,,0.0,2012500.0,2012500.0,2012500.0,2026-08-10,"[{""grade"": ""PMS"", ""qty"": 7000.0, ""price"": 202.0}, {""grade"": ""AGO"", ""qty"": 3000.0, ""price"": 199.5}]"
supplier,VITALAC INTERNATIONAL  LIMITED,VITALAC,ap,2026-08-10,loading,,KCB 934M,,0.0,2414000.0,2414000.0,2414000.0,2026-08-10,"[{""grade"": ""PMS"", ""qty"": 8000.0, ""price"": 202.0}, {""grade"": ""AGO"", ""qty"": 4000.0, ""price"": 199.5}]"
supplier,VITALAC INTERNATIONAL  LIMITED,VITALAC,ap,2026-08-10,loading,,KDD 231R,,0.0,2015000.0,2015000.0,2015000.0,2026-08-10,"[{""grade"": ""PMS"", ""qty"": 8000.0, ""price"": 202.0}, {""grade"": ""AGO"", ""qty"": 2000.0, ""price"": 199.5}]"
supplier,VITALAC INTERNATIONAL  LIMITED,VITALAC,ap,2026-08-10,loading,,KBZ 984F,,0.0,3434000.0,3434000.0,3434000.0,2026-08-10,"[{""grade"": ""PMS"", ""qty"": 17000.0, ""price"": 202.0}]"
supplier,VITALAC INTERNATIONAL  LIMITED,VITALAC,ap,2026-08-10,loading,,KAR 032Y,,0.0,2010000.0,2010000.0,2010000.0,2026-08-10,"[{""grade"": ""PMS"", ""qty"": 6000.0, ""price"": 202.0}, {""grade"": ""AGO"", ""qty"": 4000.0, ""price"": 199.5}]"
supplier,VITALAC INTERNATIONAL  LIMITED,VITALAC,ap,2026-08-10,loading,,KDC 920Y,,0.0,2020000.0,2020000.0,2020000.0,2026-08-10,"[{""grade"": ""PMS"", ""qty"": 10000.0, ""price"": 202.0}]"
supplier,VITALAC INTERNATIONAL  LIMITED,VITALAC,ap,2026-08-10,loading,,KBF 471U,,0.0,3636000.0,3636000.0,3636000.0,2026-08-10,"[{""grade"": ""PMS"", ""qty"": 18000.0, ""price"": 202.0}]"
