row,date,supplier,customer,truck,grade,qty,buy_unit,sell_unit,buy_total,sell_total,margin_row,sheet_buy_total_col,sheet_margin_col
3,2026-08-01,AFTAH,PETROLKIM,KCR 924W,AGO,10000.0,197.0,199.3,1970000.0,1993000.0,23000.0,1970000.0,23000.0
4,2026-08-01,VITALAC,PETROLKIM,KBB 038G,PMS,10000.0,197.5,199.3,1975000.0,1993000.0,18000.0,1975000.0,18000.0
5,2026-08-01,VITALAC,PETROLKIM,KBS 311L,PMS,10000.0,197.5,199.3,1975000.0,1993000.0,18000.0,1975000.0,18000.0
7,2026-08-03,VITALAC,BOLD,KBZ 984F,PMS,17000.0,198.0,198.3,3366000.0,3371100.0,5100.0,3366000.0,5100.0
8,2026-08-03,VITALAC,BOLD,KBE 245Y,PMS,10000.0,198.0,198.3,1980000.0,1983000.0,3000.0,1980000.0,3000.0
9,2026-08-03,VITALAC,BOLD,KCL 098L,PMS,10000.0,198.0,198.3,1980000.0,1983000.0,3000.0,1980000.0,3000.0
10,2026-08-03,VITALAC,BOLD,KDM 130W,PMS,10000.0,198.0,198.3,1980000.0,1983000.0,3000.0,1980000.0,3000.0
11,2026-08-03,VITALAC,CHESFIELD,KBX 293X,PMS,5000.0,198.0,199.0,990000.0,995000.0,5000.0,990000.0,5000.0
12,2026-08-03,VITALAC,WBP INVESTMENT,KBX 293X,PMS,5000.0,198.0,200.5,990000.0,1002500.0,12500.0,990000.0,12500.0
13,2026-08-03,VITALAC,UPSALA,KBF 520W,PMS,10000.0,198.0,204.0,1980000.0,2040000.0,60000.0,1980000.0,60000.0
14,2026-08-03,RAAD,MALUINI VENTURES,KDU 024V,AGO,10000.0,195.0,197.5,1950000.0,1975000.0,25000.0,1950000.0,25000.0
15,2026-08-03,RAAD,BOLD,KDC 920Y,AGO,10000.0,195.0,196.8,1950000.0,1968000.0,18000.0,1950000.0,18000.0
16,2026-08-03,RAAD,BOLD,KAR 032Y,AGO,10000.0,195.0,196.8,1950000.0,1968000.0,18000.0,1950000.0,18000.0
17,2026-08-03,RAAD,HESFAN,KBV 676M/ZC8643,AGO,40000.0,195.0,197.0,7800000.0,7880000.0,80000.0,7800000.0,80000.0
18,2026-08-03,RAAD,FABRIJE,KBF 520W,AGO,10000.0,195.0,197.3,1950000.0,1973000.0,23000.0,1950000.0,23000.0
19,2026-08-03,RAAD,PETROLKIM,KCR 924W,AGO,10000.0,195.0,199.3,1950000.0,1993000.0,43000.0,1950000.0,43000.0
20,2026-08-03,SKYBARREL,PETRO POINT,KBF 696N,AGO,10000.0,196.5,197.0,1965000.0,1970000.0,5000.0,1965000.0,5000.0
21,2026-08-03,SKYBARREL,BILL ENERGIES,KCB 566A,AGO,38000.0,196.5,197.5,7467000.0,7505000.0,38000.0,7467000.0,38000.0
22,2026-08-03,SKYBARREL,MARZIQ,KAV 369B,AGO,10000.0,196.5,199.0,1965000.0,1990000.0,25000.0,1965000.0,25000.0
24,2026-08-04,VITALAC,MOHAMED ABDIRAHMAN,KCC 166U,PMS,10000.0,198.0,199.0,1980000.0,1990000.0,10000.0,1980000.0,10000.0
25,2026-08-04,RAAD,HASHAM LOGISTICS,KBK 308Q,AGO,16000.0,195.0,197.5,3120000.0,3160000.0,40000.0,3120000.0,40000.0
26,2026-08-04,VITALAC,WAFI,KCF 657F,PMS,10000.0,198.0,199.0,1980000.0,1990000.0,10000.0,1980000.0,10000.0
27,2026-08-04,VITALAC,OREY FILLING STATION,KCH 048B,PMS,25000.0,198.0,198.5,4950000.0,4962500.0,12500.0,7128000.0,18000.0
27,2026-08-04,VITALAC,OREY FILLING STATION,KCH 048B,AGO,11000.0,198.0,198.5,2178000.0,2183500.0,5500.0,7128000.0,18000.0
28,2026-08-04,VITALAC,PETROLKIM,KBB 038G,PMS,10000.0,198.0,200.3,1980000.0,2003000.0,23000.0,1980000.0,23000.0
29,2026-08-04,VITALAC,PETROLKIM,KBS 311L,PMS,10000.0,198.0,200.3,1980000.0,2003000.0,23000.0,1980000.0,23000.0
30,2026-08-04,VITALAC,MAOW,KCB 934M,PMS,4000.0,198.0,199.3,792000.0,797200.0,5200.0,2376000.0,15600.0
30,2026-08-04,VITALAC,MAOW,KCB 934M,AGO,8000.0,198.0,199.3,1584000.0,1594400.0,10400.0,2376000.0,15600.0
31,2026-08-04,VITALAC,BOLD,KBE 245Y,PMS,10000.0,198.0,198.8,1980000.0,1988000.0,8000.0,1980000.0,8000.0
32,2026-08-04,VITALAC,BOLD,KBG 498R,PMS,7000.0,198.0,198.8,1386000.0,1391600.0,5600.0,1980000.0,6500.0
32,2026-08-04,VITALAC,BOLD,KBG 498R,AGO,3000.0,198.0,198.3,594000.0,594900.0,900.0,1980000.0,6500.0
33,2026-08-04,VITALAC,ZAYNU,KBX 293X,AGO,10000.0,198.0,198.3,1980000.0,1983000.0,3000.0,1980000.0,3000.0
34,2026-08-04,VITALAC,ZAYNU,KCA 972M,PMS,10000.0,198.0,198.8,1980000.0,1988000.0,8000.0,1980000.0,8000.0
35,2026-08-04,VITALAC,BOLD,KBL 473S,PMS,10000.0,198.0,198.8,1980000.0,1988000.0,8000.0,1980000.0,8000.0
36,2026-08-04,VITALAC,BOLD,KBY 554Z,PMS,6000.0,198.0,198.8,1188000.0,1192800.0,4800.0,1980000.0,6000.0
36,2026-08-04,VITALAC,BOLD,KBY 554Z,AGO,4000.0,198.0,198.3,792000.0,793200.0,1200.0,1980000.0,6000.0
37,2026-08-04,VITALAC,BOLD,KDT 943V,PMS,10000.0,198.0,198.8,1980000.0,1988000.0,8000.0,1980000.0,8000.0
38,2026-08-04,VITALAC,SAYUSA,KDG 103L,AGO,10000.0,198.0,200.0,1980000.0,2000000.0,20000.0,1980000.0,20000.0
39,2026-08-04,VITALAC,DARUSALAAM,KCA 340H,AGO,35000.0,198.0,198.5,6930000.0,6947500.0,17500.0,6930000.0,17500.0
41,2026-08-05,VITALAC,HK INVESTMENT,KAV 369B,PMS,3000.0,198.0,201.5,594000.0,604500.0,10500.0,594000.0,10500.0
42,2026-08-05,VITALAC,KHADIJA,KAV 369B,PMS,3000.0,198.0,203.5,594000.0,610500.0,16500.0,990000.0,27500.0
42,2026-08-05,VITALAC,KHADIJA,KAV 369B,AGO,2000.0,198.0,203.5,396000.0,407000.0,11000.0,990000.0,27500.0
43,2026-08-05,VITALAC,SHAMEEL,KAV 369B,AGO,2000.0,198.0,204.5,396000.0,409000.0,13000.0,396000.0,13000.0
44,2026-08-05,VITALAC,MALUINI VENTURES,KDU 024V,PMS,10000.0,198.0,201.0,1980000.0,2010000.0,30000.0,1980000.0,30000.0
45,2026-08-05,VITALAC,BOLD,KDC 920Y,PMS,10000.0,198.0,200.3,1980000.0,2003000.0,23000.0,1980000.0,23000.0
46,2026-08-05,VITALAC,BOLD,KDT 943V,PMS,10000.0,198.0,200.3,1980000.0,2003000.0,23000.0,1980000.0,23000.0
47,2026-08-05,VITALAC,BOLD,KDM 130W,PMS,6000.0,200.0,200.3,1200000.0,1201800.0,1800.0,2000000.0,3000.0
47,2026-08-05,VITALAC,BOLD,KDM 130W,AGO,4000.0,200.0,200.3,800000.0,801200.0,1200.0,2000000.0,3000.0
48,2026-08-05,VITALAC,LANDMARK,KCC 166U,AGO,10000.0,200.0,202.5,2000000.0,2025000.0,25000.0,2000000.0,25000.0
49,2026-08-05,VITALAC,TRANSGLIDE,KAX 628E,AGO,10000.0,200.0,202.3,2000000.0,2023000.0,23000.0,2000000.0,23000.0
50,2026-08-05,VITALAC,KUSOW,KBZ 743G,PMS,10000.0,200.0,201.0,2000000.0,2010000.0,10000.0,2000000.0,10000.0
51,2026-08-05,VITALAC,BOLD,KBY 554Z,PMS,10000.0,200.0,200.3,2000000.0,2003000.0,3000.0,2000000.0,3000.0
52,2026-08-05,VITALAC,BOLD,KBG 498R,PMS,10000.0,200.0,200.3,2000000.0,2003000.0,3000.0,2000000.0,3000.0
53,2026-08-05,VITALAC,BOLD,KBL 473S,AGO,10000.0,200.0,200.3,2000000.0,2003000.0,3000.0,2000000.0,3000.0
54,2026-08-05,VITALAC,BOLD,KCL 098L,PMS,7000.0,200.0,200.3,1400000.0,1402100.0,2100.0,2000000.0,3000.0
54,2026-08-05,VITALAC,BOLD,KCL 098L,AGO,3000.0,200.0,200.3,600000.0,600900.0,900.0,2000000.0,3000.0
55,2026-08-05,VITALAC,BOLD,KDB 911B,AGO,10000.0,204.5,205.3,2045000.0,2053000.0,8000.0,2045000.0,8000.0
56,2026-08-05,VITALAC,BOLD,KBZ 872N,AGO,10000.0,204.5,205.3,2045000.0,2053000.0,8000.0,2045000.0,8000.0
57,2026-08-05,VITALAC,REEM,KDL 369T,PMS,6000.0,204.5,205.5,1227000.0,1233000.0,6000.0,1227000.0,6000.0
58,2026-08-05,KENGAS,BOLD,KCG 292V,AGO,10000.0,203.0,203.3,2030000.0,2033000.0,3000.0,2030000.0,3000.0
60,2026-08-06,VITALAC,ARABIYAH,KAV 369B,PMS,4000.0,200.0,203.0,800000.0,812000.0,12000.0,800000.0,12000.0
61,2026-08-06,VITALAC,HOKOLA,KAV 369B,PMS,6000.0,200.0,204.0,1200000.0,1224000.0,24000.0,1200000.0,24000.0
62,2026-08-06,VITALAC,PETROLKIM,KCR 924W,PMS,10000.0,200.0,202.3,2000000.0,2023000.0,23000.0,2000000.0,23000.0
63,2026-08-06,VITALAC,DIMKA,KCA 072Q,PMS,10000.0,200.0,199.0,2000000.0,1990000.0,-10000.0,2000000.0,-10000.0
64,2026-08-06,VITALAC,SHAMEEL,KDG 103L,PMS,3000.0,200.0,204.5,600000.0,613500.0,13500.0,600000.0,13500.0
65,2026-08-06,VITALAC,SAKATII,KDG 103L,PMS,4000.0,200.0,204.5,800000.0,818000.0,18000.0,800000.0,18000.0
66,2026-08-06,VITALAC,REEM,KDG 103L,PMS,3000.0,200.0,204.0,600000.0,612000.0,12000.0,600000.0,12000.0
67,2026-08-06,VITALAC,PETROLKIM,KBS 311L,PMS,10000.0,200.0,202.3,2000000.0,2023000.0,23000.0,2000000.0,23000.0
68,2026-08-06,VITALAC,PETROLKIM,KBB 038G,AGO,10000.0,199.5,201.3,1995000.0,2013000.0,18000.0,1995000.0,18000.0
69,2026-08-06,VITALAC,BOLD,KBE 245Y,PMS,10000.0,200.0,200.3,2000000.0,2003000.0,3000.0,2000000.0,3000.0
71,2026-08-07,VITALAC,ARABIYAH,KAV 369B,PMS,6000.0,200.0,201.5,1200000.0,1209000.0,9000.0,2000000.0,23000.0
71,2026-08-07,VITALAC,ARABIYAH,KAV 369B,AGO,4000.0,200.0,203.5,800000.0,814000.0,14000.0,2000000.0,23000.0
72,2026-08-07,PINOIL,LANDMARK,KCC 166U,PMS,10000.0,199.5,201.5,1995000.0,2015000.0,20000.0,1995000.0,20000.0
73,2026-08-07,PINOIL,BOLD,KBZ 984F,PMS,13000.0,199.5,200.3,2593500.0,2603900.0,10400.0,2791500.0,11700.0
73,2026-08-07,PINOIL,BOLD,KBZ 984F,AGO,1000.0,198.0,199.3,198000.0,199300.0,1300.0,2791500.0,11700.0
74,2026-08-07,OLA ENERGY,BOLD,KDD 231R,AGO,10000.0,197.0,198.3,1970000.0,1983000.0,13000.0,1970000.0,13000.0
75,2026-08-07,PREMIUM,BOLD,KDC 920Y,AGO,10000.0,198.0,198.3,1980000.0,1983000.0,3000.0,1980000.0,3000.0
76,2026-08-07,PREMIUM,BOLD,KBK 308Q,AGO,16000.0,198.0,198.3,3168000.0,3172800.0,4800.0,3168000.0,4800.0
77,2026-08-07,VITALAC,BOLD,KDC 920Y,PMS,10000.0,200.0,203.3,2000000.0,2033000.0,33000.0,2000000.0,33000.0
78,2026-08-07,VITALAC,BOLD,KDT 943V,PMS,10000.0,200.0,203.3,2000000.0,2033000.0,33000.0,2000000.0,33000.0
79,2026-08-07,VITALAC,BOLD,KCL 098L,PMS,10000.0,203.0,203.3,2030000.0,2033000.0,3000.0,2030000.0,3000.0
80,2026-08-07,VITALAC,BOLD,KBY 554Z,PMS,10000.0,203.0,203.3,2030000.0,2033000.0,3000.0,2030000.0,3000.0
81,2026-08-07,VITALAC,WAFI,KCF 657F,PMS,10000.0,203.0,203.5,2030000.0,2035000.0,5000.0,2030000.0,5000.0
82,2026-08-07,VITALAC,REEM,KDG 103L,AGO,5000.0,199.5,206.0,997500.0,1030000.0,32500.0,997500.0,32500.0
83,2026-08-07,VITALAC,TRANSGLIDE,KDG 103L,AGO,5000.0,199.5,201.5,997500.0,1007500.0,10000.0,997500.0,10000.0
84,2026-08-07,VITALAC,SAYUSA,KBF 520W,AGO,10000.0,199.5,202.0,1995000.0,2020000.0,25000.0,1995000.0,25000.0
85,2026-08-07,VITALAC,BOLD,KDM 130W,PMS,10000.0,203.0,203.3,2030000.0,2033000.0,3000.0,2030000.0,3000.0
86,2026-08-07,VITALAC,BOLD,KBL 473S,PMS,10000.0,203.0,203.3,2030000.0,2033000.0,3000.0,2030000.0,3000.0
87,2026-08-07,VITALAC,BOLD,KDE 775B,PMS,10000.0,203.0,203.3,2030000.0,2033000.0,3000.0,2030000.0,3000.0
88,2026-08-07,VITALAC,MALUINI,KDU 024V,AGO,10000.0,199.5,201.0,1995000.0,2010000.0,15000.0,1995000.0,15000.0
89,2026-08-07,VITALAC,DARUSALAAM,KCA 340H,PMS,37000.0,203.0,203.5,7511000.0,7529500.0,18500.0,7511000.0,18500.0
90,2026-08-07,VITALAC,QUBAA,KAU 439D,PMS,3000.0,203.0,203.3,609000.0,609900.0,900.0,2005500.0,6500.0
90,2026-08-07,VITALAC,QUBAA,KAU 439D,AGO,7000.0,199.5,200.3,1396500.0,1402100.0,5600.0,2005500.0,6500.0
91,2026-08-07,VITALAC,RAMCO,KBF 696N,PMS,7000.0,203.0,204.0,1421000.0,1428000.0,7000.0,2019500.0,13000.0
91,2026-08-07,VITALAC,RAMCO,KBF 696N,AGO,3000.0,199.5,201.5,598500.0,604500.0,6000.0,2019500.0,13000.0
93,2026-08-10,OILHUB,BOLD,KDY 835M,AGO,16000.0,203.0,204.3,3248000.0,3268800.0,20800.0,3248000.0,20800.0
94,2026-08-10,OILHUB,BOLD,KCG 292V,AGO,10000.0,203.0,204.3,2030000.0,2043000.0,13000.0,2030000.0,13000.0
95,2026-08-10,OLA,BOLD,KBG 498R,AGO,10000.0,197.0,198.3,1970000.0,1983000.0,13000.0,1970000.0,13000.0
96,2026-08-10,VITALAC,BOLD,KCL 098L,PMS,10000.0,202.0,202.3,2020000.0,2023000.0,3000.0,2020000.0,3000.0
97,2026-08-10,VITALAC,BOLD,KDD 231R,PMS,8000.0,202.0,202.3,1616000.0,1618400.0,2400.0,2015000.0,4000.0
97,2026-08-10,VITALAC,BOLD,KDD 231R,AGO,2000.0,199.5,200.3,399000.0,400600.0,1600.0,2015000.0,4000.0
98,2026-08-10,VITALAC,BOLD,KBZ 984F,PMS,17000.0,202.0,202.3,3434000.0,3439100.0,5100.0,3434000.0,5100.0
99,2026-08-10,VITALAC,BOLD,KAR 032Y,PMS,6000.0,202.0,202.3,1212000.0,1213800.0,1800.0,2010000.0,5000.0
99,2026-08-10,VITALAC,BOLD,KAR 032Y,AGO,4000.0,199.5,200.3,798000.0,801200.0,3200.0,2010000.0,5000.0
100,2026-08-10,VITALAC,BOLD,KDC 920Y,PMS,10000.0,202.0,202.3,2020000.0,2023000.0,3000.0,2020000.0,3000.0
101,2026-08-10,OILHUB,ELYAAS,KCC 166U,AGO,10000.0,199.0,202.0,1990000.0,2020000.0,30000.0,1990000.0,30000.0
102,2026-08-10,VITALAC,KUSOW,KBZ 743G,PMS,7000.0,202.0,203.0,1414000.0,1421000.0,7000.0,2012500.0,13000.0
102,2026-08-10,VITALAC,KUSOW,KBZ 743G,AGO,3000.0,199.5,201.5,598500.0,604500.0,6000.0,2012500.0,13000.0
103,2026-08-10,VITALAC,MAOW,KCB 934M,PMS,8000.0,202.0,203.3,1616000.0,1626400.0,10400.0,2414000.0,17600.0
103,2026-08-10,VITALAC,MAOW,KCB 934M,AGO,4000.0,199.5,201.3,798000.0,805200.0,7200.0,2414000.0,17600.0
104,2026-08-10,VITALAC,MARZIQ,KAV 369B,AGO,10000.0,199.5,201.5,1995000.0,2015000.0,20000.0,1995000.0,20000.0
105,2026-08-10,VITALAC,PETROLKIM,KBB 038G,AGO,10000.0,199.5,201.3,1995000.0,2013000.0,18000.0,1995000.0,18000.0
106,2026-08-10,VITALAC,PETROLKIM,KCR 924W,PMS,10000.0,203.0,204.3,2030000.0,2043000.0,13000.0,2030000.0,13000.0
107,2026-08-10,VITALAC,PETROLKIM,KBS 311L,PMS,10000.0,203.0,204.3,2030000.0,2043000.0,13000.0,2030000.0,13000.0
108,2026-08-10,FOSSIL,REEM,KCN 025A,PMS,6000.0,205.0,205.5,1230000.0,1233000.0,3000.0,1230000.0,3000.0
109,2026-08-10,OILHUB,REEM,KBF 520W,AGO,10000.0,199.0,205.0,1990000.0,2050000.0,60000.0,1990000.0,60000.0
110,2026-08-10,VITALAC,WBP INVESTMENT,KBF 471U,PMS,18000.0,202.0,203.0,3636000.0,3654000.0,18000.0,3636000.0,18000.0
