id,date,name,state,truck,customer,grade,supplier,qty,buy,sell,margin,invoices
720,2026-08-01,DEAL/2026/0720,loaded,KCR 924W,PETROLKIM,AGO,AFTAH PETROLEUM LIMITED,10000,1970000.00,1993000.00,23000.00,INV/2026/00671
721,2026-08-01,DEAL/2026/0721,loaded,KBB 038G,PETROLKIM,PMS,VITALAC INTERNATIONAL  LIMITED,10000,1970000.00,1993000.00,23000.00,INV/2026/00672
722,2026-08-01,DEAL/2026/0722,loaded,KBS 311L,PETROLKIM,PMS,VITALAC INTERNATIONAL  LIMITED,10000,1970000.00,1993000.00,23000.00,INV/2026/00673
723,2026-08-03,DEAL/2026/0723,loaded,KCB 566A,BILL ENERGIES LTD,AGO,SKYBARREL ENERGIES LIMITED,38000,7467000.00,7505000.00,38000.00,INV/2026/00674
724,2026-08-03,DEAL/2026/0724,loaded,KDC 920Y,BOLD,AGO,RAAD ENERGY LIMITED,10000,1950000.00,1968000.00,18000.00,INV/2026/00675
725,2026-08-03,DEAL/2026/0725,loaded,KAR 032Y,BOLD,AGO,RAAD ENERGY LIMITED,10000,1950000.00,1968000.00,18000.00,INV/2026/00676
726,2026-08-03,DEAL/2026/0726,loaded,KBZ 984F,BOLD,PMS,VITALAC INTERNATIONAL  LIMITED,17000,3366000.00,3371100.00,5100.00,INV/2026/00677
727,2026-08-03,DEAL/2026/0727,loaded,KBE 245Y,BOLD,PMS,VITALAC INTERNATIONAL  LIMITED,10000,1980000.00,1983000.00,3000.00,INV/2026/00678
728,2026-08-03,DEAL/2026/0728,loaded,KCL 098L,BOLD,PMS,VITALAC INTERNATIONAL  LIMITED,10000,1980000.00,1983000.00,3000.00,INV/2026/00679
729,2026-08-03,DEAL/2026/0729,loaded,KDM 130W,BOLD,PMS,VITALAC INTERNATIONAL  LIMITED,10000,1980000.00,1983000.00,3000.00,INV/2026/00680
730,2026-08-03,DEAL/2026/0730,loaded,KBX 293X,CHESFIELD INVESTMENT LTD,PMS,VITALAC INTERNATIONAL  LIMITED,5000,990000.00,995000.00,5000.00,INV/2026/00681
731,2026-08-03,DEAL/2026/0731,loaded,KBF 520W,FRABIJE INVESTMENT LTD,AGO,RAAD ENERGY LIMITED,10000,1950000.00,1973000.00,23000.00,INV/2026/00682
732,2026-08-03,DEAL/2026/0732,loaded,KBV 676M/ZC8643,HESFAN GENERAL LIMITED,AGO,RAAD ENERGY LIMITED,40000,7800000.00,7880000.00,80000.00,INV/2026/00683
733,2026-08-03,DEAL/2026/0733,loaded,KDU 024V,MALUINI VENTURES,AGO,RAAD ENERGY LIMITED,10000,1950000.00,1975000.00,25000.00,INV/2026/00684
734,2026-08-03,DEAL/2026/0734,loaded,KAV 369B,MARZIQ,AGO,SKYBARREL ENERGIES LIMITED,10000,1965000.00,1990000.00,25000.00,INV/2026/00685
735,2026-08-03,DEAL/2026/0735,loaded,KBF696N,PETRO POINT,AGO,SKYBARREL ENERGIES LIMITED,10000,1965000.00,1970000.00,5000.00,INV/2026/00686
736,2026-08-03,DEAL/2026/0736,loaded,KCR 924W,PETROLKIM,AGO,RAAD ENERGY LIMITED,10000,1950000.00,1993000.00,43000.00,INV/2026/00687
737,2026-08-03,DEAL/2026/0737,loaded,KBF 520W,UPSALA HOLDINGS,PMS,VITALAC INTERNATIONAL  LIMITED,10000,1980000.00,2040000.00,60000.00,INV/2026/00688
738,2026-08-03,DEAL/2026/0738,loaded,KBX 293X,WBP INVEST.,PMS,VITALAC INTERNATIONAL  LIMITED,5000,990000.00,1002500.00,12500.00,INV/2026/00689
739,2026-08-04,DEAL/2026/0739,loaded,KBK 308Q,HASHAM LOGISTICS LIMITED,AGO,RAAD ENERGY LIMITED,16000,3120000.00,3160000.00,40000.00,INV/2026/00690
740,2026-08-04,DEAL/2026/0740,loaded,KCC 166U,MOHAMED ABDIRAHMAN,PMS,VITALAC INTERNATIONAL  LIMITED,10000,1980000.00,1990000.00,10000.00,INV/2026/00691
741,2026-08-04,DEAL/2026/0741,loaded,KDM 130W,BOLD,"PMS, AGO",VITALAC INTERNATIONAL  LIMITED,10000,1980000.00,2020000.00,40000.00,INV/2026/00692|INV/2026/00707|INV/2026/00708
742,2026-08-04,DEAL/2026/0742,loaded,KBE 245Y,BOLD,PMS,VITALAC INTERNATIONAL  LIMITED,10000,1980000.00,1988000.00,8000.00,INV/2026/00693
743,2026-08-04,DEAL/2026/0743,loaded,KBG 498R,BOLD,"PMS, AGO",VITALAC INTERNATIONAL  LIMITED,10000,1980000.00,1986500.00,6500.00,INV/2026/00694
744,2026-08-04,DEAL/2026/0744,loaded,KBL 473S,BOLD,PMS,VITALAC INTERNATIONAL  LIMITED,10000,1980000.00,1988000.00,8000.00,INV/2026/00695
745,2026-08-04,DEAL/2026/0745,loaded,KBY 554Z,BOLD,"PMS, AGO",VITALAC INTERNATIONAL  LIMITED,10000,1980000.00,1986000.00,6000.00,INV/2026/00696
746,2026-08-04,DEAL/2026/0746,loaded,KDT 943V,BOLD,PMS,VITALAC INTERNATIONAL  LIMITED,10000,1980000.00,1988000.00,8000.00,INV/2026/00697
747,2026-08-04,DEAL/2026/0747,loaded,KCA 340H,DARUSALAAM,AGO,VITALAC INTERNATIONAL  LIMITED,35000,6930000.00,6947500.00,17500.00,INV/2026/00698
748,2026-08-04,DEAL/2026/0748,loaded,KCB 934M,MAOW,"PMS, AGO",VITALAC INTERNATIONAL  LIMITED,12000,2376000.00,2391600.00,15600.00,INV/2026/00699
749,2026-08-04,DEAL/2026/0749,loaded,KCH 048B,OREY FILLING STATION,"PMS, AGO",VITALAC INTERNATIONAL  LIMITED,36000,7128000.00,7146000.00,18000.00,INV/2026/00700
750,2026-08-04,DEAL/2026/0750,loaded,KBB 038G,PETROLKIM,PMS,VITALAC INTERNATIONAL  LIMITED,10000,1980000.00,2003000.00,23000.00,INV/2026/00701
751,2026-08-04,DEAL/2026/0751,loaded,KBS 311L,PETROLKIM,PMS,VITALAC INTERNATIONAL  LIMITED,10000,1980000.00,2003000.00,23000.00,INV/2026/00702
752,2026-08-04,DEAL/2026/0752,loaded,KDG 103L,SAYUSA,AGO,VITALAC INTERNATIONAL  LIMITED,10000,1980000.00,2000000.00,20000.00,INV/2026/00703
753,2026-08-04,DEAL/2026/0753,loaded,KCF 657F,WAFI,PMS,VITALAC INTERNATIONAL  LIMITED,10000,1980000.00,1990000.00,10000.00,INV/2026/00704
754,2026-08-04,DEAL/2026/0754,loaded,KBX 293X,ZAYNU,AGO,VITALAC INTERNATIONAL  LIMITED,10000,1980000.00,1983000.00,3000.00,INV/2026/00705
755,2026-08-04,DEAL/2026/0755,loaded,KCA 972M,ZAYNU,PMS,VITALAC INTERNATIONAL  LIMITED,10000,1980000.00,1988000.00,8000.00,INV/2026/00706
756,2026-08-05,DEAL/2026/0756,loaded,KAV 369B,HK VENTURES LTD,PMS,VITALAC INTERNATIONAL  LIMITED,3000,594000.00,604500.00,10500.00,INV/2026/00709
757,2026-08-05,DEAL/2026/0757,loaded,KAV 369B,KHADIJA ABDULKARIM,"PMS, AGO",VITALAC INTERNATIONAL  LIMITED,5000,990000.00,1017500.00,27500.00,INV/2026/00710
758,2026-08-05,DEAL/2026/0758,loaded,KAV 369B,SHAMEEL,AGO,VITALAC INTERNATIONAL  LIMITED,2000,396000.00,409000.00,13000.00,INV/2026/00711
759,2026-08-05,DEAL/2026/0759,loaded,KDC 920Y,BOLD,PMS,VITALAC INTERNATIONAL  LIMITED,10000,1980000.00,2003000.00,23000.00,INV/2026/00712
760,2026-08-05,DEAL/2026/0760,loaded,KDT 943V,BOLD,PMS,VITALAC INTERNATIONAL  LIMITED,10000,1980000.00,2003000.00,23000.00,INV/2026/00713
761,2026-08-05,DEAL/2026/0761,loaded,KBY 554Z,BOLD,PMS,VITALAC INTERNATIONAL  LIMITED,10000,2000000.00,2003000.00,-24000.00,INV/2026/00714
762,2026-08-05,DEAL/2026/0762,loaded,KBG 498R,BOLD,PMS,VITALAC INTERNATIONAL  LIMITED,10000,2000000.00,2003000.00,3000.00,INV/2026/00715
763,2026-08-05,DEAL/2026/0763,loaded,KBL 473S,BOLD,PMS,VITALAC INTERNATIONAL  LIMITED,10000,2000000.00,2003000.00,3000.00,INV/2026/00716
764,2026-08-05,DEAL/2026/0764,loaded,KCL 098L,BOLD,"PMS, AGO",VITALAC INTERNATIONAL  LIMITED,10000,2000000.00,2003000.00,3000.00,INV/2026/00717
765,2026-08-05,DEAL/2026/0765,loaded,KDB 911B,BOLD,AGO,VITALAC INTERNATIONAL  LIMITED,10000,2045000.00,2053000.00,8000.00,INV/2026/00718
766,2026-08-05,DEAL/2026/0766,loaded,KBZ 872N,BOLD,AGO,VITALAC INTERNATIONAL  LIMITED,10000,2045000.00,2053000.00,8000.00,INV/2026/00719
767,2026-08-05,DEAL/2026/0767,loaded,KCG 292V,BOLD,AGO,KENGAS KENYA LIMITED,10000,2030000.00,2033000.00,3000.00,INV/2026/00720
768,2026-08-05,DEAL/2026/0768,loaded,KBZ 743G,KUSOW,PMS,VITALAC INTERNATIONAL  LIMITED,10000,2000000.00,2010000.00,10000.00,INV/2026/00721
769,2026-08-05,DEAL/2026/0769,loaded,KCC 166U,LANDMARK,AGO,VITALAC INTERNATIONAL  LIMITED,10000,2000000.00,2025000.00,25000.00,INV/2026/00722
770,2026-08-05,DEAL/2026/0770,loaded,KDU 024V,MALUINI VENTURES,PMS,VITALAC INTERNATIONAL  LIMITED,10000,1980000.00,2010000.00,30000.00,INV/2026/00723
771,2026-08-05,DEAL/2026/0771,loaded,KAX 628E,TRANSGLIDE,AGO,VITALAC INTERNATIONAL  LIMITED,10000,2000000.00,2023000.00,23000.00,INV/2026/00724
772,2026-08-05,DEAL/2026/0772,loaded,KDL 369T,REEM VENTURES,PMS,VITALAC INTERNATIONAL  LIMITED,6000,1200000.00,1233000.00,33000.00,INV/2026/00725
773,2026-08-05,DEAL/2026/0773,loaded,KAV 369B,ARABIYAH,PMS,VITALAC INTERNATIONAL  LIMITED,4000,800000.00,812000.00,12000.00,INV/2026/00726
774,2026-08-05,DEAL/2026/0774,loaded,KAV 369B,HOKOLA,PMS,VITALAC INTERNATIONAL  LIMITED,6000,1200000.00,1224000.00,24000.00,INV/2026/00727
775,2026-08-05,DEAL/2026/0775,loaded,KCR 924W,PETROLKIM,PMS,VITALAC INTERNATIONAL  LIMITED,10000,2000000.00,2023000.00,23000.00,INV/2026/00728
776,2026-08-06,DEAL/2026/0776,loaded,KBE 245Y,BOLD,PMS,VITALAC INTERNATIONAL  LIMITED,10000,2000000.00,2003000.00,3000.00,INV/2026/00729
777,2026-08-06,DEAL/2026/0777,loaded,KCA 072Q,DIMKA,PMS,VITALAC INTERNATIONAL  LIMITED,10000,2000000.00,1990000.00,-10000.00,INV/2026/00730
778,2026-08-06,DEAL/2026/0778,loaded,KBS 311L,PETROLKIM,PMS,VITALAC INTERNATIONAL  LIMITED,10000,2000000.00,2023000.00,23000.00,INV/2026/00731
779,2026-08-06,DEAL/2026/0779,loaded,KBB 038G,PETROLKIM,PMS,VITALAC INTERNATIONAL  LIMITED,10000,2000000.00,2023000.00,23000.00,INV/2026/00732
780,2026-08-06,DEAL/2026/0780,loaded,KDG 103L,REEM VENTURES,PMS,VITALAC INTERNATIONAL  LIMITED,3000,600000.00,612000.00,12000.00,INV/2026/00733
781,2026-08-06,DEAL/2026/0781,loaded,KDG 103L,SAKATII,PMS,VITALAC INTERNATIONAL  LIMITED,4000,800000.00,818000.00,18000.00,INV/2026/00735
782,2026-08-06,DEAL/2026/0782,loaded,KDG 103L,SHAMEEL,PMS,VITALAC INTERNATIONAL  LIMITED,3000,600000.00,613500.00,13500.00,INV/2026/00734
783,2026-08-07,DEAL/2026/0783,loaded,KAV 369B,ARABIYAH,"PMS, AGO",VITALAC INTERNATIONAL  LIMITED,10000,2000000.00,2023000.00,23000.00,INV/2026/00736
784,2026-08-07,DEAL/2026/0784,loaded,KBZ 984F,BOLD,"PMS, AGO",PINOIL ENERGY LTD,14000,2791500.00,2803200.00,11700.00,INV/2026/00737
785,2026-08-07,DEAL/2026/0785,loaded,KAR 032Y,BOLD,AGO,PREMIUM ENERGY LIMITED,10000,1980000.00,1983000.00,3000.00,INV/2026/00738
786,2026-08-07,DEAL/2026/0786,loaded,KBK 308Q,BOLD,AGO,PREMIUM ENERGY LIMITED,14000,2772000.00,2776200.00,4200.00,INV/2026/00739
787,2026-08-07,DEAL/2026/0787,loaded,KDC 920Y,BOLD,PMS,VITALAC INTERNATIONAL  LIMITED,10000,2000000.00,2033000.00,33000.00,INV/2026/00740
788,2026-08-07,DEAL/2026/0788,loaded,KDT 943V,BOLD,PMS,VITALAC INTERNATIONAL  LIMITED,7000,1400000.00,1423100.00,23100.00,INV/2026/00741
789,2026-08-07,DEAL/2026/0789,loaded,KCL 098L,BOLD,PMS,VITALAC INTERNATIONAL  LIMITED,10000,2030000.00,2033000.00,3000.00,INV/2026/00742
790,2026-08-07,DEAL/2026/0790,loaded,KBY 554Z,BOLD,PMS,VITALAC INTERNATIONAL  LIMITED,10000,2030000.00,2033000.00,3000.00,INV/2026/00743
791,2026-08-07,DEAL/2026/0791,loaded,KDM 130W,BOLD,PMS,VITALAC INTERNATIONAL  LIMITED,10000,2030000.00,2033000.00,3000.00,INV/2026/00744
792,2026-08-07,DEAL/2026/0792,loaded,KBL 473S,BOLD,PMS,VITALAC INTERNATIONAL  LIMITED,10000,2030000.00,2033000.00,3000.00,INV/2026/00745
793,2026-08-07,DEAL/2026/0793,loaded,KDE 775B,BOLD,PMS,VITALAC INTERNATIONAL  LIMITED,10000,2030000.00,2033000.00,3000.00,INV/2026/00746
794,2026-08-07,DEAL/2026/0794,loaded,KCA 340H,DARUSALAAM,PMS,VITALAC INTERNATIONAL  LIMITED,37000,7511000.00,7529500.00,18500.00,INV/2026/00747
795,2026-08-07,DEAL/2026/0795,loaded,KCC 166U,LANDMARK,PMS,PINOIL ENERGY LTD,10000,1995000.00,2015000.00,20000.00,INV/2026/00748
796,2026-08-07,DEAL/2026/0796,loaded,KDU 024V,MALUINI VENTURES,AGO,VITALAC INTERNATIONAL  LIMITED,10000,1995000.00,2010000.00,15000.00,INV/2026/00749
797,2026-08-07,DEAL/2026/0797,loaded,KDD 231R,MAQBUL,AGO,OLA ENERGIES KENYA LTD,10000,1970000.00,1990000.00,20000.00,INV/2026/00750
798,2026-08-07,DEAL/2026/0798,loaded,KBK 308Q,MAQBUL,AGO,PREMIUM ENERGY LIMITED,2000,396000.00,403000.00,7000.00,INV/2026/00751
799,2026-08-07,DEAL/2026/0799,loaded,KDT 943V,MAQBUL,PMS,VITALAC INTERNATIONAL  LIMITED,3000,600000.00,613500.00,13500.00,INV/2026/00752
800,2026-08-07,DEAL/2026/0800,loaded,KAU 439D,QUBAA,"PMS, AGO",VITALAC INTERNATIONAL  LIMITED,10000,2005500.00,2012000.00,6500.00,INV/2026/00753
801,2026-08-07,DEAL/2026/0801,loaded,KBF 696N,RAMCO,"PMS, AGO",VITALAC INTERNATIONAL  LIMITED,10000,2019500.00,2032500.00,13000.00,INV/2026/00754
802,2026-08-07,DEAL/2026/0802,loaded,KDG 103L,REEM VENTURES,AGO,VITALAC INTERNATIONAL  LIMITED,5000,997500.00,1030000.00,32500.00,INV/2026/00755
803,2026-08-07,DEAL/2026/0803,loaded,KBF 520W,SAYUSA,AGO,VITALAC INTERNATIONAL  LIMITED,10000,1995000.00,2020000.00,25000.00,INV/2026/00756
804,2026-08-07,DEAL/2026/0804,loaded,KDG 103L,TRANSGLIDE,AGO,VITALAC INTERNATIONAL  LIMITED,5000,997500.00,1007500.00,10000.00,INV/2026/00758
805,2026-08-07,DEAL/2026/0805,loaded,KCF 657F,WAFI,PMS,VITALAC INTERNATIONAL  LIMITED,10000,2030000.00,2035000.00,5000.00,INV/2026/00757
806,2026-08-10,DEAL/2026/0806,loaded,KDY 835M,BOLD,AGO,OIL HUB ENERGY LIIMITED,16000,3248000.00,3268800.00,20800.00,INV/2026/00759
807,2026-08-10,DEAL/2026/0807,loaded,KCG 292V,BOLD,AGO,OIL HUB ENERGY LIIMITED,10000,2030000.00,2043000.00,13000.00,INV/2026/00760
808,2026-08-10,DEAL/2026/0808,loaded,KBG 498R,BOLD,AGO,OLA ENERGIES KENYA LTD,10000,1970000.00,1983000.00,13000.00,INV/2026/00761
809,2026-08-10,DEAL/2026/0809,loaded,KCL 098L,BOLD,PMS,VITALAC INTERNATIONAL  LIMITED,10000,2020000.00,2023000.00,3000.00,INV/2026/00762
810,2026-08-10,DEAL/2026/0810,loaded,KDD 231R,BOLD,"PMS, AGO",VITALAC INTERNATIONAL  LIMITED,10000,2015000.00,2019000.00,4000.00,INV/2026/00763
811,2026-08-10,DEAL/2026/0811,loaded,KBZ 984F,BOLD,PMS,VITALAC INTERNATIONAL  LIMITED,17000,3434000.00,3439100.00,5100.00,INV/2026/00764
812,2026-08-10,DEAL/2026/0812,loaded,KAR 032Y,BOLD,"PMS, AGO",VITALAC INTERNATIONAL  LIMITED,10000,2010000.00,2015000.00,5000.00,INV/2026/00765
813,2026-08-10,DEAL/2026/0813,loaded,KDC 920Y,BOLD,PMS,VITALAC INTERNATIONAL  LIMITED,10000,2020000.00,2023000.00,3000.00,INV/2026/00766
814,2026-08-10,DEAL/2026/0814,loaded,KCC 166U,ELYAAS ENERGY LTD,AGO,OIL HUB ENERGY LIIMITED,10000,1990000.00,2020000.00,30000.00,INV/2026/00767
815,2026-08-10,DEAL/2026/0815,loaded,KBZ 743G,KUSOW,"PMS, AGO",VITALAC INTERNATIONAL  LIMITED,10000,2012500.00,2025500.00,13000.00,INV/2026/00768
816,2026-08-10,DEAL/2026/0816,loaded,KCB 934M,MAOW,"PMS, AGO",VITALAC INTERNATIONAL  LIMITED,12000,2414000.00,2431600.00,17600.00,INV/2026/00769
817,2026-08-10,DEAL/2026/0817,loaded,KAV 369B,MARZIQ,AGO,VITALAC INTERNATIONAL  LIMITED,10000,1995000.00,2015000.00,20000.00,INV/2026/00770
818,2026-08-10,DEAL/2026/0818,loaded,KBB 038G,PETROLKIM,AGO,VITALAC INTERNATIONAL  LIMITED,10000,1995000.00,2013000.00,18000.00,INV/2026/00771
819,2026-08-10,DEAL/2026/0819,loaded,KCR 924W,PETROLKIM,PMS,VITALAC INTERNATIONAL  LIMITED,10000,2030000.00,2043000.00,13000.00,INV/2026/00772
820,2026-08-10,DEAL/2026/0820,loaded,KBS 311L,PETROLKIM,PMS,VITALAC INTERNATIONAL  LIMITED,10000,2030000.00,2043000.00,13000.00,INV/2026/00773
821,2026-08-10,DEAL/2026/0821,loaded,KCN 025A,REEM VENTURES,PMS,FOSSIL SUPPLIES  LIMITED,6000,1230000.00,1233000.00,3000.00,INV/2026/00774
822,2026-08-10,DEAL/2026/0822,loaded,KBF 520W,REEM VENTURES,AGO,OIL HUB ENERGY LIIMITED,10000,1990000.00,2050000.00,60000.00,INV/2026/00775
823,2026-08-10,DEAL/2026/0823,loaded,KBF 471U,WBP INVEST.,PMS,VITALAC INTERNATIONAL  LIMITED,18000,3636000.00,3654000.00,18000.00,INV/2026/00776
